DateID,Date,Year,Month,Day,Weekday
1,2020-01-01,2020,1,1,2
2,2020-01-02,2020,1,2,3
3,2020-01-03,2020,1,3,4
4,2020-01-04,2020,1,4,5
5,2020-01-05,2020,1,5,6
6,2020-01-06,2020,1,6,0
7,2020-01-07,2020,1,7,1
8,2020-01-08,2020,1,8,2
9,2020-01-09,2020,1,9,3
10,2020-01-10,2020,1,10,4
11,2020-01-11,2020,1,11,5
12,2020-01-12,2020,1,12,6
13,2020-01-13,2020,1,13,0
14,2020-01-14,2020,1,14,1
15,2020-01-15,2020,1,15,2
16,2020-01-16,2020,1,16,3
17,2020-01-17,2020,1,17,4
18,2020-01-18,2020,1,18,5
19,2020-01-19,2020,1,19,6
20,2020-01-20,2020,1,20,0
21,2020-01-21,2020,1,21,1
22,2020-01-22,2020,1,22,2
23,2020-01-23,2020,1,23,3
24,2020-01-24,2020,1,24,4
25,2020-01-25,2020,1,25,5
26,2020-01-26,2020,1,26,6
27,2020-01-27,2020,1,27,0
28,2020-01-28,2020,1,28,1
29,2020-01-29,2020,1,29,2
30,2020-01-30,2020,1,30,3
31,2020-01-31,2020,1,31,4
32,2020-02-01,2020,2,1,5
33,2020-02-02,2020,2,2,6
34,2020-02-03,2020,2,3,0
35,2020-02-04,2020,2,4,1
36,2020-02-05,2020,2,5,2
37,2020-02-06,2020,2,6,3
38,2020-02-07,2020,2,7,4
39,2020-02-08,2020,2,8,5
40,2020-02-09,2020,2,9,6
41,2020-02-10,2020,2,10,0
42,2020-02-11,2020,2,11,1
43,2020-02-12,2020,2,12,2
44,2020-02-13,2020,2,13,3
45,2020-02-14,2020,2,14,4
46,2020-02-15,2020,2,15,5
47,2020-02-16,2020,2,16,6
48,2020-02-17,2020,2,17,0
49,2020-02-18,2020,2,18,1
50,2020-02-19,2020,2,19,2
51,2020-02-20,2020,2,20,3
52,2020-02-21,2020,2,21,4
53,2020-02-22,2020,2,22,5
54,2020-02-23,2020,2,23,6
55,2020-02-24,2020,2,24,0
56,2020-02-25,2020,2,25,1
57,2020-02-26,2020,2,26,2
58,2020-02-27,2020,2,27,3
59,2020-02-28,2020,2,28,4
60,2020-02-29,2020,2,29,5
61,2020-03-01,2020,3,1,6
62,2020-03-02,2020,3,2,0
63,2020-03-03,2020,3,3,1
64,2020-03-04,2020,3,4,2
65,2020-03-05,2020,3,5,3
66,2020-03-06,2020,3,6,4
67,2020-03-07,2020,3,7,5
68,2020-03-08,2020,3,8,6
69,2020-03-09,2020,3,9,0
70,2020-03-10,2020,3,10,1
71,2020-03-11,2020,3,11,2
72,2020-03-12,2020,3,12,3
73,2020-03-13,2020,3,13,4
74,2020-03-14,2020,3,14,5
75,2020-03-15,2020,3,15,6
76,2020-03-16,2020,3,16,0
77,2020-03-17,2020,3,17,1
78,2020-03-18,2020,3,18,2
79,2020-03-19,2020,3,19,3
80,2020-03-20,2020,3,20,4
81,2020-03-21,2020,3,21,5
82,2020-03-22,2020,3,22,6
83,2020-03-23,2020,3,23,0
84,2020-03-24,2020,3,24,1
85,2020-03-25,2020,3,25,2
86,2020-03-26,2020,3,26,3
87,2020-03-27,2020,3,27,4
88,2020-03-28,2020,3,28,5
89,2020-03-29,2020,3,29,6
90,2020-03-30,2020,3,30,0
91,2020-03-31,2020,3,31,1
92,2020-04-01,2020,4,1,2
93,2020-04-02,2020,4,2,3
94,2020-04-03,2020,4,3,4
95,2020-04-04,2020,4,4,5
96,2020-04-05,2020,4,5,6
97,2020-04-06,2020,4,6,0
98,2020-04-07,2020,4,7,1
99,2020-04-08,2020,4,8,2
100,2020-04-09,2020,4,9,3
101,2020-04-10,2020,4,10,4
102,2020-04-11,2020,4,11,5
103,2020-04-12,2020,4,12,6
104,2020-04-13,2020,4,13,0
105,2020-04-14,2020,4,14,1
106,2020-04-15,2020,4,15,2
107,2020-04-16,2020,4,16,3
108,2020-04-17,2020,4,17,4
109,2020-04-18,2020,4,18,5
110,2020-04-19,2020,4,19,6
111,2020-04-20,2020,4,20,0
112,2020-04-21,2020,4,21,1
113,2020-04-22,2020,4,22,2
114,2020-04-23,2020,4,23,3
115,2020-04-24,2020,4,24,4
116,2020-04-25,2020,4,25,5
117,2020-04-26,2020,4,26,6
118,2020-04-27,2020,4,27,0
119,2020-04-28,2020,4,28,1
120,2020-04-29,2020,4,29,2
121,2020-04-30,2020,4,30,3
122,2020-05-01,2020,5,1,4
123,2020-05-02,2020,5,2,5
124,2020-05-03,2020,5,3,6
125,2020-05-04,2020,5,4,0
126,2020-05-05,2020,5,5,1
127,2020-05-06,2020,5,6,2
128,2020-05-07,2020,5,7,3
129,2020-05-08,2020,5,8,4
130,2020-05-09,2020,5,9,5
131,2020-05-10,2020,5,10,6
132,2020-05-11,2020,5,11,0
133,2020-05-12,2020,5,12,1
134,2020-05-13,2020,5,13,2
135,2020-05-14,2020,5,14,3
136,2020-05-15,2020,5,15,4
137,2020-05-16,2020,5,16,5
138,2020-05-17,2020,5,17,6
139,2020-05-18,2020,5,18,0
140,2020-05-19,2020,5,19,1
141,2020-05-20,2020,5,20,2
142,2020-05-21,2020,5,21,3
143,2020-05-22,2020,5,22,4
144,2020-05-23,2020,5,23,5
145,2020-05-24,2020,5,24,6
146,2020-05-25,2020,5,25,0
147,2020-05-26,2020,5,26,1
148,2020-05-27,2020,5,27,2
149,2020-05-28,2020,5,28,3
150,2020-05-29,2020,5,29,4
151,2020-05-30,2020,5,30,5
152,2020-05-31,2020,5,31,6
153,2020-06-01,2020,6,1,0
154,2020-06-02,2020,6,2,1
155,2020-06-03,2020,6,3,2
156,2020-06-04,2020,6,4,3
157,2020-06-05,2020,6,5,4
158,2020-06-06,2020,6,6,5
159,2020-06-07,2020,6,7,6
160,2020-06-08,2020,6,8,0
161,2020-06-09,2020,6,9,1
162,2020-06-10,2020,6,10,2
163,2020-06-11,2020,6,11,3
164,2020-06-12,2020,6,12,4
165,2020-06-13,2020,6,13,5
166,2020-06-14,2020,6,14,6
167,2020-06-15,2020,6,15,0
168,2020-06-16,2020,6,16,1
169,2020-06-17,2020,6,17,2
170,2020-06-18,2020,6,18,3
171,2020-06-19,2020,6,19,4
172,2020-06-20,2020,6,20,5
173,2020-06-21,2020,6,21,6
174,2020-06-22,2020,6,22,0
175,2020-06-23,2020,6,23,1
176,2020-06-24,2020,6,24,2
177,2020-06-25,2020,6,25,3
178,2020-06-26,2020,6,26,4
179,2020-06-27,2020,6,27,5
180,2020-06-28,2020,6,28,6
181,2020-06-29,2020,6,29,0
182,2020-06-30,2020,6,30,1
183,2020-07-01,2020,7,1,2
184,2020-07-02,2020,7,2,3
185,2020-07-03,2020,7,3,4
186,2020-07-04,2020,7,4,5
187,2020-07-05,2020,7,5,6
188,2020-07-06,2020,7,6,0
189,2020-07-07,2020,7,7,1
190,2020-07-08,2020,7,8,2
191,2020-07-09,2020,7,9,3
192,2020-07-10,2020,7,10,4
193,2020-07-11,2020,7,11,5
194,2020-07-12,2020,7,12,6
195,2020-07-13,2020,7,13,0
196,2020-07-14,2020,7,14,1
197,2020-07-15,2020,7,15,2
198,2020-07-16,2020,7,16,3
199,2020-07-17,2020,7,17,4
200,2020-07-18,2020,7,18,5
201,2020-07-19,2020,7,19,6
202,2020-07-20,2020,7,20,0
203,2020-07-21,2020,7,21,1
204,2020-07-22,2020,7,22,2
205,2020-07-23,2020,7,23,3
206,2020-07-24,2020,7,24,4
207,2020-07-25,2020,7,25,5
208,2020-07-26,2020,7,26,6
209,2020-07-27,2020,7,27,0
210,2020-07-28,2020,7,28,1
211,2020-07-29,2020,7,29,2
212,2020-07-30,2020,7,30,3
213,2020-07-31,2020,7,31,4
214,2020-08-01,2020,8,1,5
215,2020-08-02,2020,8,2,6
216,2020-08-03,2020,8,3,0
217,2020-08-04,2020,8,4,1
218,2020-08-05,2020,8,5,2
219,2020-08-06,2020,8,6,3
220,2020-08-07,2020,8,7,4
221,2020-08-08,2020,8,8,5
222,2020-08-09,2020,8,9,6
223,2020-08-10,2020,8,10,0
224,2020-08-11,2020,8,11,1
225,2020-08-12,2020,8,12,2
226,2020-08-13,2020,8,13,3
227,2020-08-14,2020,8,14,4
228,2020-08-15,2020,8,15,5
229,2020-08-16,2020,8,16,6
230,2020-08-17,2020,8,17,0
231,2020-08-18,2020,8,18,1
232,2020-08-19,2020,8,19,2
233,2020-08-20,2020,8,20,3
234,2020-08-21,2020,8,21,4
235,2020-08-22,2020,8,22,5
236,2020-08-23,2020,8,23,6
237,2020-08-24,2020,8,24,0
238,2020-08-25,2020,8,25,1
239,2020-08-26,2020,8,26,2
240,2020-08-27,2020,8,27,3
241,2020-08-28,2020,8,28,4
242,2020-08-29,2020,8,29,5
243,2020-08-30,2020,8,30,6
244,2020-08-31,2020,8,31,0
245,2020-09-01,2020,9,1,1
246,2020-09-02,2020,9,2,2
247,2020-09-03,2020,9,3,3
248,2020-09-04,2020,9,4,4
249,2020-09-05,2020,9,5,5
250,2020-09-06,2020,9,6,6
251,2020-09-07,2020,9,7,0
252,2020-09-08,2020,9,8,1
253,2020-09-09,2020,9,9,2
254,2020-09-10,2020,9,10,3
255,2020-09-11,2020,9,11,4
256,2020-09-12,2020,9,12,5
257,2020-09-13,2020,9,13,6
258,2020-09-14,2020,9,14,0
259,2020-09-15,2020,9,15,1
260,2020-09-16,2020,9,16,2
261,2020-09-17,2020,9,17,3
262,2020-09-18,2020,9,18,4
263,2020-09-19,2020,9,19,5
264,2020-09-20,2020,9,20,6
265,2020-09-21,2020,9,21,0
266,2020-09-22,2020,9,22,1
267,2020-09-23,2020,9,23,2
268,2020-09-24,2020,9,24,3
269,2020-09-25,2020,9,25,4
270,2020-09-26,2020,9,26,5
271,2020-09-27,2020,9,27,6
272,2020-09-28,2020,9,28,0
273,2020-09-29,2020,9,29,1
274,2020-09-30,2020,9,30,2
275,2020-10-01,2020,10,1,3
276,2020-10-02,2020,10,2,4
277,2020-10-03,2020,10,3,5
278,2020-10-04,2020,10,4,6
279,2020-10-05,2020,10,5,0
280,2020-10-06,2020,10,6,1
281,2020-10-07,2020,10,7,2
282,2020-10-08,2020,10,8,3
283,2020-10-09,2020,10,9,4
284,2020-10-10,2020,10,10,5
285,2020-10-11,2020,10,11,6
286,2020-10-12,2020,10,12,0
287,2020-10-13,2020,10,13,1
288,2020-10-14,2020,10,14,2
289,2020-10-15,2020,10,15,3
290,2020-10-16,2020,10,16,4
291,2020-10-17,2020,10,17,5
292,2020-10-18,2020,10,18,6
293,2020-10-19,2020,10,19,0
294,2020-10-20,2020,10,20,1
295,2020-10-21,2020,10,21,2
296,2020-10-22,2020,10,22,3
297,2020-10-23,2020,10,23,4
298,2020-10-24,2020,10,24,5
299,2020-10-25,2020,10,25,6
300,2020-10-26,2020,10,26,0
301,2020-10-27,2020,10,27,1
302,2020-10-28,2020,10,28,2
303,2020-10-29,2020,10,29,3
304,2020-10-30,2020,10,30,4
305,2020-10-31,2020,10,31,5
306,2020-11-01,2020,11,1,6
307,2020-11-02,2020,11,2,0
308,2020-11-03,2020,11,3,1
309,2020-11-04,2020,11,4,2
310,2020-11-05,2020,11,5,3
311,2020-11-06,2020,11,6,4
312,2020-11-07,2020,11,7,5
313,2020-11-08,2020,11,8,6
314,2020-11-09,2020,11,9,0
315,2020-11-10,2020,11,10,1
316,2020-11-11,2020,11,11,2
317,2020-11-12,2020,11,12,3
318,2020-11-13,2020,11,13,4
319,2020-11-14,2020,11,14,5
320,2020-11-15,2020,11,15,6
321,2020-11-16,2020,11,16,0
322,2020-11-17,2020,11,17,1
323,2020-11-18,2020,11,18,2
324,2020-11-19,2020,11,19,3
325,2020-11-20,2020,11,20,4
326,2020-11-21,2020,11,21,5
327,2020-11-22,2020,11,22,6
328,2020-11-23,2020,11,23,0
329,2020-11-24,2020,11,24,1
330,2020-11-25,2020,11,25,2
331,2020-11-26,2020,11,26,3
332,2020-11-27,2020,11,27,4
333,2020-11-28,2020,11,28,5
334,2020-11-29,2020,11,29,6
335,2020-11-30,2020,11,30,0
336,2020-12-01,2020,12,1,1
337,2020-12-02,2020,12,2,2
338,2020-12-03,2020,12,3,3
339,2020-12-04,2020,12,4,4
340,2020-12-05,2020,12,5,5
341,2020-12-06,2020,12,6,6
342,2020-12-07,2020,12,7,0
343,2020-12-08,2020,12,8,1
344,2020-12-09,2020,12,9,2
345,2020-12-10,2020,12,10,3
346,2020-12-11,2020,12,11,4
347,2020-12-12,2020,12,12,5
348,2020-12-13,2020,12,13,6
349,2020-12-14,2020,12,14,0
350,2020-12-15,2020,12,15,1
351,2020-12-16,2020,12,16,2
352,2020-12-17,2020,12,17,3
353,2020-12-18,2020,12,18,4
354,2020-12-19,2020,12,19,5
355,2020-12-20,2020,12,20,6
356,2020-12-21,2020,12,21,0
357,2020-12-22,2020,12,22,1
358,2020-12-23,2020,12,23,2
359,2020-12-24,2020,12,24,3
360,2020-12-25,2020,12,25,4
361,2020-12-26,2020,12,26,5
362,2020-12-27,2020,12,27,6
363,2020-12-28,2020,12,28,0
364,2020-12-29,2020,12,29,1
365,2020-12-30,2020,12,30,2
366,2020-12-31,2020,12,31,3
367,2021-01-01,2021,1,1,4
368,2021-01-02,2021,1,2,5
369,2021-01-03,2021,1,3,6
370,2021-01-04,2021,1,4,0
371,2021-01-05,2021,1,5,1
372,2021-01-06,2021,1,6,2
373,2021-01-07,2021,1,7,3
374,2021-01-08,2021,1,8,4
375,2021-01-09,2021,1,9,5
376,2021-01-10,2021,1,10,6
377,2021-01-11,2021,1,11,0
378,2021-01-12,2021,1,12,1
379,2021-01-13,2021,1,13,2
380,2021-01-14,2021,1,14,3
381,2021-01-15,2021,1,15,4
382,2021-01-16,2021,1,16,5
383,2021-01-17,2021,1,17,6
384,2021-01-18,2021,1,18,0
385,2021-01-19,2021,1,19,1
386,2021-01-20,2021,1,20,2
387,2021-01-21,2021,1,21,3
388,2021-01-22,2021,1,22,4
389,2021-01-23,2021,1,23,5
390,2021-01-24,2021,1,24,6
391,2021-01-25,2021,1,25,0
392,2021-01-26,2021,1,26,1
393,2021-01-27,2021,1,27,2
394,2021-01-28,2021,1,28,3
395,2021-01-29,2021,1,29,4
396,2021-01-30,2021,1,30,5
397,2021-01-31,2021,1,31,6
398,2021-02-01,2021,2,1,0
399,2021-02-02,2021,2,2,1
400,2021-02-03,2021,2,3,2
401,2021-02-04,2021,2,4,3
402,2021-02-05,2021,2,5,4
403,2021-02-06,2021,2,6,5
404,2021-02-07,2021,2,7,6
405,2021-02-08,2021,2,8,0
406,2021-02-09,2021,2,9,1
407,2021-02-10,2021,2,10,2
408,2021-02-11,2021,2,11,3
409,2021-02-12,2021,2,12,4
410,2021-02-13,2021,2,13,5
411,2021-02-14,2021,2,14,6
412,2021-02-15,2021,2,15,0
413,2021-02-16,2021,2,16,1
414,2021-02-17,2021,2,17,2
415,2021-02-18,2021,2,18,3
416,2021-02-19,2021,2,19,4
417,2021-02-20,2021,2,20,5
418,2021-02-21,2021,2,21,6
419,2021-02-22,2021,2,22,0
420,2021-02-23,2021,2,23,1
421,2021-02-24,2021,2,24,2
422,2021-02-25,2021,2,25,3
423,2021-02-26,2021,2,26,4
424,2021-02-27,2021,2,27,5
425,2021-02-28,2021,2,28,6
426,2021-03-01,2021,3,1,0
427,2021-03-02,2021,3,2,1
428,2021-03-03,2021,3,3,2
429,2021-03-04,2021,3,4,3
430,2021-03-05,2021,3,5,4
431,2021-03-06,2021,3,6,5
432,2021-03-07,2021,3,7,6
433,2021-03-08,2021,3,8,0
434,2021-03-09,2021,3,9,1
435,2021-03-10,2021,3,10,2
436,2021-03-11,2021,3,11,3
437,2021-03-12,2021,3,12,4
438,2021-03-13,2021,3,13,5
439,2021-03-14,2021,3,14,6
440,2021-03-15,2021,3,15,0
441,2021-03-16,2021,3,16,1
442,2021-03-17,2021,3,17,2
443,2021-03-18,2021,3,18,3
444,2021-03-19,2021,3,19,4
445,2021-03-20,2021,3,20,5
446,2021-03-21,2021,3,21,6
447,2021-03-22,2021,3,22,0
448,2021-03-23,2021,3,23,1
449,2021-03-24,2021,3,24,2
450,2021-03-25,2021,3,25,3
451,2021-03-26,2021,3,26,4
452,2021-03-27,2021,3,27,5
453,2021-03-28,2021,3,28,6
454,2021-03-29,2021,3,29,0
455,2021-03-30,2021,3,30,1
456,2021-03-31,2021,3,31,2
457,2021-04-01,2021,4,1,3
458,2021-04-02,2021,4,2,4
459,2021-04-03,2021,4,3,5
460,2021-04-04,2021,4,4,6
461,2021-04-05,2021,4,5,0
462,2021-04-06,2021,4,6,1
463,2021-04-07,2021,4,7,2
464,2021-04-08,2021,4,8,3
465,2021-04-09,2021,4,9,4
466,2021-04-10,2021,4,10,5
467,2021-04-11,2021,4,11,6
468,2021-04-12,2021,4,12,0
469,2021-04-13,2021,4,13,1
470,2021-04-14,2021,4,14,2
471,2021-04-15,2021,4,15,3
472,2021-04-16,2021,4,16,4
473,2021-04-17,2021,4,17,5
474,2021-04-18,2021,4,18,6
475,2021-04-19,2021,4,19,0
476,2021-04-20,2021,4,20,1
477,2021-04-21,2021,4,21,2
478,2021-04-22,2021,4,22,3
479,2021-04-23,2021,4,23,4
480,2021-04-24,2021,4,24,5
481,2021-04-25,2021,4,25,6
482,2021-04-26,2021,4,26,0
483,2021-04-27,2021,4,27,1
484,2021-04-28,2021,4,28,2
485,2021-04-29,2021,4,29,3
486,2021-04-30,2021,4,30,4
487,2021-05-01,2021,5,1,5
488,2021-05-02,2021,5,2,6
489,2021-05-03,2021,5,3,0
490,2021-05-04,2021,5,4,1
491,2021-05-05,2021,5,5,2
492,2021-05-06,2021,5,6,3
493,2021-05-07,2021,5,7,4
494,2021-05-08,2021,5,8,5
495,2021-05-09,2021,5,9,6
496,2021-05-10,2021,5,10,0
497,2021-05-11,2021,5,11,1
498,2021-05-12,2021,5,12,2
499,2021-05-13,2021,5,13,3
500,2021-05-14,2021,5,14,4
501,2021-05-15,2021,5,15,5
502,2021-05-16,2021,5,16,6
503,2021-05-17,2021,5,17,0
504,2021-05-18,2021,5,18,1
505,2021-05-19,2021,5,19,2
506,2021-05-20,2021,5,20,3
507,2021-05-21,2021,5,21,4
508,2021-05-22,2021,5,22,5
509,2021-05-23,2021,5,23,6
510,2021-05-24,2021,5,24,0
511,2021-05-25,2021,5,25,1
512,2021-05-26,2021,5,26,2
513,2021-05-27,2021,5,27,3
514,2021-05-28,2021,5,28,4
515,2021-05-29,2021,5,29,5
516,2021-05-30,2021,5,30,6
517,2021-05-31,2021,5,31,0
518,2021-06-01,2021,6,1,1
519,2021-06-02,2021,6,2,2
520,2021-06-03,2021,6,3,3
521,2021-06-04,2021,6,4,4
522,2021-06-05,2021,6,5,5
523,2021-06-06,2021,6,6,6
524,2021-06-07,2021,6,7,0
525,2021-06-08,2021,6,8,1
526,2021-06-09,2021,6,9,2
527,2021-06-10,2021,6,10,3
528,2021-06-11,2021,6,11,4
529,2021-06-12,2021,6,12,5
530,2021-06-13,2021,6,13,6
531,2021-06-14,2021,6,14,0
532,2021-06-15,2021,6,15,1
533,2021-06-16,2021,6,16,2
534,2021-06-17,2021,6,17,3
535,2021-06-18,2021,6,18,4
536,2021-06-19,2021,6,19,5
537,2021-06-20,2021,6,20,6
538,2021-06-21,2021,6,21,0
539,2021-06-22,2021,6,22,1
540,2021-06-23,2021,6,23,2
541,2021-06-24,2021,6,24,3
542,2021-06-25,2021,6,25,4
543,2021-06-26,2021,6,26,5
544,2021-06-27,2021,6,27,6
545,2021-06-28,2021,6,28,0
546,2021-06-29,2021,6,29,1
547,2021-06-30,2021,6,30,2
548,2021-07-01,2021,7,1,3
549,2021-07-02,2021,7,2,4
550,2021-07-03,2021,7,3,5
551,2021-07-04,2021,7,4,6
552,2021-07-05,2021,7,5,0
553,2021-07-06,2021,7,6,1
554,2021-07-07,2021,7,7,2
555,2021-07-08,2021,7,8,3
556,2021-07-09,2021,7,9,4
557,2021-07-10,2021,7,10,5
558,2021-07-11,2021,7,11,6
559,2021-07-12,2021,7,12,0
560,2021-07-13,2021,7,13,1
561,2021-07-14,2021,7,14,2
562,2021-07-15,2021,7,15,3
563,2021-07-16,2021,7,16,4
564,2021-07-17,2021,7,17,5
565,2021-07-18,2021,7,18,6
566,2021-07-19,2021,7,19,0
567,2021-07-20,2021,7,20,1
568,2021-07-21,2021,7,21,2
569,2021-07-22,2021,7,22,3
570,2021-07-23,2021,7,23,4
571,2021-07-24,2021,7,24,5
572,2021-07-25,2021,7,25,6
573,2021-07-26,2021,7,26,0
574,2021-07-27,2021,7,27,1
575,2021-07-28,2021,7,28,2
576,2021-07-29,2021,7,29,3
577,2021-07-30,2021,7,30,4
578,2021-07-31,2021,7,31,5
579,2021-08-01,2021,8,1,6
580,2021-08-02,2021,8,2,0
581,2021-08-03,2021,8,3,1
582,2021-08-04,2021,8,4,2
583,2021-08-05,2021,8,5,3
584,2021-08-06,2021,8,6,4
585,2021-08-07,2021,8,7,5
586,2021-08-08,2021,8,8,6
587,2021-08-09,2021,8,9,0
588,2021-08-10,2021,8,10,1
589,2021-08-11,2021,8,11,2
590,2021-08-12,2021,8,12,3
591,2021-08-13,2021,8,13,4
592,2021-08-14,2021,8,14,5
593,2021-08-15,2021,8,15,6
594,2021-08-16,2021,8,16,0
595,2021-08-17,2021,8,17,1
596,2021-08-18,2021,8,18,2
597,2021-08-19,2021,8,19,3
598,2021-08-20,2021,8,20,4
599,2021-08-21,2021,8,21,5
600,2021-08-22,2021,8,22,6
601,2021-08-23,2021,8,23,0
602,2021-08-24,2021,8,24,1
603,2021-08-25,2021,8,25,2
604,2021-08-26,2021,8,26,3
605,2021-08-27,2021,8,27,4
606,2021-08-28,2021,8,28,5
607,2021-08-29,2021,8,29,6
608,2021-08-30,2021,8,30,0
609,2021-08-31,2021,8,31,1
610,2021-09-01,2021,9,1,2
611,2021-09-02,2021,9,2,3
612,2021-09-03,2021,9,3,4
613,2021-09-04,2021,9,4,5
614,2021-09-05,2021,9,5,6
615,2021-09-06,2021,9,6,0
616,2021-09-07,2021,9,7,1
617,2021-09-08,2021,9,8,2
618,2021-09-09,2021,9,9,3
619,2021-09-10,2021,9,10,4
620,2021-09-11,2021,9,11,5
621,2021-09-12,2021,9,12,6
622,2021-09-13,2021,9,13,0
623,2021-09-14,2021,9,14,1
624,2021-09-15,2021,9,15,2
625,2021-09-16,2021,9,16,3
626,2021-09-17,2021,9,17,4
627,2021-09-18,2021,9,18,5
628,2021-09-19,2021,9,19,6
629,2021-09-20,2021,9,20,0
630,2021-09-21,2021,9,21,1
631,2021-09-22,2021,9,22,2
632,2021-09-23,2021,9,23,3
633,2021-09-24,2021,9,24,4
634,2021-09-25,2021,9,25,5
635,2021-09-26,2021,9,26,6
636,2021-09-27,2021,9,27,0
637,2021-09-28,2021,9,28,1
638,2021-09-29,2021,9,29,2
639,2021-09-30,2021,9,30,3
640,2021-10-01,2021,10,1,4
641,2021-10-02,2021,10,2,5
642,2021-10-03,2021,10,3,6
643,2021-10-04,2021,10,4,0
644,2021-10-05,2021,10,5,1
645,2021-10-06,2021,10,6,2
646,2021-10-07,2021,10,7,3
647,2021-10-08,2021,10,8,4
648,2021-10-09,2021,10,9,5
649,2021-10-10,2021,10,10,6
650,2021-10-11,2021,10,11,0
651,2021-10-12,2021,10,12,1
652,2021-10-13,2021,10,13,2
653,2021-10-14,2021,10,14,3
654,2021-10-15,2021,10,15,4
655,2021-10-16,2021,10,16,5
656,2021-10-17,2021,10,17,6
657,2021-10-18,2021,10,18,0
658,2021-10-19,2021,10,19,1
659,2021-10-20,2021,10,20,2
660,2021-10-21,2021,10,21,3
661,2021-10-22,2021,10,22,4
662,2021-10-23,2021,10,23,5
663,2021-10-24,2021,10,24,6
664,2021-10-25,2021,10,25,0
665,2021-10-26,2021,10,26,1
666,2021-10-27,2021,10,27,2
667,2021-10-28,2021,10,28,3
668,2021-10-29,2021,10,29,4
669,2021-10-30,2021,10,30,5
670,2021-10-31,2021,10,31,6
671,2021-11-01,2021,11,1,0
672,2021-11-02,2021,11,2,1
673,2021-11-03,2021,11,3,2
674,2021-11-04,2021,11,4,3
675,2021-11-05,2021,11,5,4
676,2021-11-06,2021,11,6,5
677,2021-11-07,2021,11,7,6
678,2021-11-08,2021,11,8,0
679,2021-11-09,2021,11,9,1
680,2021-11-10,2021,11,10,2
681,2021-11-11,2021,11,11,3
682,2021-11-12,2021,11,12,4
683,2021-11-13,2021,11,13,5
684,2021-11-14,2021,11,14,6
685,2021-11-15,2021,11,15,0
686,2021-11-16,2021,11,16,1
687,2021-11-17,2021,11,17,2
688,2021-11-18,2021,11,18,3
689,2021-11-19,2021,11,19,4
690,2021-11-20,2021,11,20,5
691,2021-11-21,2021,11,21,6
692,2021-11-22,2021,11,22,0
693,2021-11-23,2021,11,23,1
694,2021-11-24,2021,11,24,2
695,2021-11-25,2021,11,25,3
696,2021-11-26,2021,11,26,4
697,2021-11-27,2021,11,27,5
698,2021-11-28,2021,11,28,6
699,2021-11-29,2021,11,29,0
700,2021-11-30,2021,11,30,1
701,2021-12-01,2021,12,1,2
702,2021-12-02,2021,12,2,3
703,2021-12-03,2021,12,3,4
704,2021-12-04,2021,12,4,5
705,2021-12-05,2021,12,5,6
706,2021-12-06,2021,12,6,0
707,2021-12-07,2021,12,7,1
708,2021-12-08,2021,12,8,2
709,2021-12-09,2021,12,9,3
710,2021-12-10,2021,12,10,4
711,2021-12-11,2021,12,11,5
712,2021-12-12,2021,12,12,6
713,2021-12-13,2021,12,13,0
714,2021-12-14,2021,12,14,1
715,2021-12-15,2021,12,15,2
716,2021-12-16,2021,12,16,3
717,2021-12-17,2021,12,17,4
718,2021-12-18,2021,12,18,5
719,2021-12-19,2021,12,19,6
720,2021-12-20,2021,12,20,0
721,2021-12-21,2021,12,21,1
722,2021-12-22,2021,12,22,2
723,2021-12-23,2021,12,23,3
724,2021-12-24,2021,12,24,4
725,2021-12-25,2021,12,25,5
726,2021-12-26,2021,12,26,6
727,2021-12-27,2021,12,27,0
728,2021-12-28,2021,12,28,1
729,2021-12-29,2021,12,29,2
730,2021-12-30,2021,12,30,3
731,2021-12-31,2021,12,31,4
732,2022-01-01,2022,1,1,5
733,2022-01-02,2022,1,2,6
734,2022-01-03,2022,1,3,0
735,2022-01-04,2022,1,4,1
736,2022-01-05,2022,1,5,2
737,2022-01-06,2022,1,6,3
738,2022-01-07,2022,1,7,4
739,2022-01-08,2022,1,8,5
740,2022-01-09,2022,1,9,6
741,2022-01-10,2022,1,10,0
742,2022-01-11,2022,1,11,1
743,2022-01-12,2022,1,12,2
744,2022-01-13,2022,1,13,3
745,2022-01-14,2022,1,14,4
746,2022-01-15,2022,1,15,5
747,2022-01-16,2022,1,16,6
748,2022-01-17,2022,1,17,0
749,2022-01-18,2022,1,18,1
750,2022-01-19,2022,1,19,2
751,2022-01-20,2022,1,20,3
752,2022-01-21,2022,1,21,4
753,2022-01-22,2022,1,22,5
754,2022-01-23,2022,1,23,6
755,2022-01-24,2022,1,24,0
756,2022-01-25,2022,1,25,1
757,2022-01-26,2022,1,26,2
758,2022-01-27,2022,1,27,3
759,2022-01-28,2022,1,28,4
760,2022-01-29,2022,1,29,5
761,2022-01-30,2022,1,30,6
762,2022-01-31,2022,1,31,0
763,2022-02-01,2022,2,1,1
764,2022-02-02,2022,2,2,2
765,2022-02-03,2022,2,3,3
766,2022-02-04,2022,2,4,4
767,2022-02-05,2022,2,5,5
768,2022-02-06,2022,2,6,6
769,2022-02-07,2022,2,7,0
770,2022-02-08,2022,2,8,1
771,2022-02-09,2022,2,9,2
772,2022-02-10,2022,2,10,3
773,2022-02-11,2022,2,11,4
774,2022-02-12,2022,2,12,5
775,2022-02-13,2022,2,13,6
776,2022-02-14,2022,2,14,0
777,2022-02-15,2022,2,15,1
778,2022-02-16,2022,2,16,2
779,2022-02-17,2022,2,17,3
780,2022-02-18,2022,2,18,4
781,2022-02-19,2022,2,19,5
782,2022-02-20,2022,2,20,6
783,2022-02-21,2022,2,21,0
784,2022-02-22,2022,2,22,1
785,2022-02-23,2022,2,23,2
786,2022-02-24,2022,2,24,3
787,2022-02-25,2022,2,25,4
788,2022-02-26,2022,2,26,5
789,2022-02-27,2022,2,27,6
790,2022-02-28,2022,2,28,0
791,2022-03-01,2022,3,1,1
792,2022-03-02,2022,3,2,2
793,2022-03-03,2022,3,3,3
794,2022-03-04,2022,3,4,4
795,2022-03-05,2022,3,5,5
796,2022-03-06,2022,3,6,6
797,2022-03-07,2022,3,7,0
798,2022-03-08,2022,3,8,1
799,2022-03-09,2022,3,9,2
800,2022-03-10,2022,3,10,3
801,2022-03-11,2022,3,11,4
802,2022-03-12,2022,3,12,5
803,2022-03-13,2022,3,13,6
804,2022-03-14,2022,3,14,0
805,2022-03-15,2022,3,15,1
806,2022-03-16,2022,3,16,2
807,2022-03-17,2022,3,17,3
808,2022-03-18,2022,3,18,4
809,2022-03-19,2022,3,19,5
810,2022-03-20,2022,3,20,6
811,2022-03-21,2022,3,21,0
812,2022-03-22,2022,3,22,1
813,2022-03-23,2022,3,23,2
814,2022-03-24,2022,3,24,3
815,2022-03-25,2022,3,25,4
816,2022-03-26,2022,3,26,5
817,2022-03-27,2022,3,27,6
818,2022-03-28,2022,3,28,0
819,2022-03-29,2022,3,29,1
820,2022-03-30,2022,3,30,2
821,2022-03-31,2022,3,31,3
822,2022-04-01,2022,4,1,4
823,2022-04-02,2022,4,2,5
824,2022-04-03,2022,4,3,6
825,2022-04-04,2022,4,4,0
826,2022-04-05,2022,4,5,1
827,2022-04-06,2022,4,6,2
828,2022-04-07,2022,4,7,3
829,2022-04-08,2022,4,8,4
830,2022-04-09,2022,4,9,5
831,2022-04-10,2022,4,10,6
832,2022-04-11,2022,4,11,0
833,2022-04-12,2022,4,12,1
834,2022-04-13,2022,4,13,2
835,2022-04-14,2022,4,14,3
836,2022-04-15,2022,4,15,4
837,2022-04-16,2022,4,16,5
838,2022-04-17,2022,4,17,6
839,2022-04-18,2022,4,18,0
840,2022-04-19,2022,4,19,1
841,2022-04-20,2022,4,20,2
842,2022-04-21,2022,4,21,3
843,2022-04-22,2022,4,22,4
844,2022-04-23,2022,4,23,5
845,2022-04-24,2022,4,24,6
846,2022-04-25,2022,4,25,0
847,2022-04-26,2022,4,26,1
848,2022-04-27,2022,4,27,2
849,2022-04-28,2022,4,28,3
850,2022-04-29,2022,4,29,4
851,2022-04-30,2022,4,30,5
852,2022-05-01,2022,5,1,6
853,2022-05-02,2022,5,2,0
854,2022-05-03,2022,5,3,1
855,2022-05-04,2022,5,4,2
856,2022-05-05,2022,5,5,3
857,2022-05-06,2022,5,6,4
858,2022-05-07,2022,5,7,5
859,2022-05-08,2022,5,8,6
860,2022-05-09,2022,5,9,0
861,2022-05-10,2022,5,10,1
862,2022-05-11,2022,5,11,2
863,2022-05-12,2022,5,12,3
864,2022-05-13,2022,5,13,4
865,2022-05-14,2022,5,14,5
866,2022-05-15,2022,5,15,6
867,2022-05-16,2022,5,16,0
868,2022-05-17,2022,5,17,1
869,2022-05-18,2022,5,18,2
870,2022-05-19,2022,5,19,3
871,2022-05-20,2022,5,20,4
872,2022-05-21,2022,5,21,5
873,2022-05-22,2022,5,22,6
874,2022-05-23,2022,5,23,0
875,2022-05-24,2022,5,24,1
876,2022-05-25,2022,5,25,2
877,2022-05-26,2022,5,26,3
878,2022-05-27,2022,5,27,4
879,2022-05-28,2022,5,28,5
880,2022-05-29,2022,5,29,6
881,2022-05-30,2022,5,30,0
882,2022-05-31,2022,5,31,1
883,2022-06-01,2022,6,1,2
884,2022-06-02,2022,6,2,3
885,2022-06-03,2022,6,3,4
886,2022-06-04,2022,6,4,5
887,2022-06-05,2022,6,5,6
888,2022-06-06,2022,6,6,0
889,2022-06-07,2022,6,7,1
890,2022-06-08,2022,6,8,2
891,2022-06-09,2022,6,9,3
892,2022-06-10,2022,6,10,4
893,2022-06-11,2022,6,11,5
894,2022-06-12,2022,6,12,6
895,2022-06-13,2022,6,13,0
896,2022-06-14,2022,6,14,1
897,2022-06-15,2022,6,15,2
898,2022-06-16,2022,6,16,3
899,2022-06-17,2022,6,17,4
900,2022-06-18,2022,6,18,5
901,2022-06-19,2022,6,19,6
902,2022-06-20,2022,6,20,0
903,2022-06-21,2022,6,21,1
904,2022-06-22,2022,6,22,2
905,2022-06-23,2022,6,23,3
906,2022-06-24,2022,6,24,4
907,2022-06-25,2022,6,25,5
908,2022-06-26,2022,6,26,6
909,2022-06-27,2022,6,27,0
910,2022-06-28,2022,6,28,1
911,2022-06-29,2022,6,29,2
912,2022-06-30,2022,6,30,3
913,2022-07-01,2022,7,1,4
914,2022-07-02,2022,7,2,5
915,2022-07-03,2022,7,3,6
916,2022-07-04,2022,7,4,0
917,2022-07-05,2022,7,5,1
918,2022-07-06,2022,7,6,2
919,2022-07-07,2022,7,7,3
920,2022-07-08,2022,7,8,4
921,2022-07-09,2022,7,9,5
922,2022-07-10,2022,7,10,6
923,2022-07-11,2022,7,11,0
924,2022-07-12,2022,7,12,1
925,2022-07-13,2022,7,13,2
926,2022-07-14,2022,7,14,3
927,2022-07-15,2022,7,15,4
928,2022-07-16,2022,7,16,5
929,2022-07-17,2022,7,17,6
930,2022-07-18,2022,7,18,0
931,2022-07-19,2022,7,19,1
932,2022-07-20,2022,7,20,2
933,2022-07-21,2022,7,21,3
934,2022-07-22,2022,7,22,4
935,2022-07-23,2022,7,23,5
936,2022-07-24,2022,7,24,6
937,2022-07-25,2022,7,25,0
938,2022-07-26,2022,7,26,1
939,2022-07-27,2022,7,27,2
940,2022-07-28,2022,7,28,3
941,2022-07-29,2022,7,29,4
942,2022-07-30,2022,7,30,5
943,2022-07-31,2022,7,31,6
944,2022-08-01,2022,8,1,0
945,2022-08-02,2022,8,2,1
946,2022-08-03,2022,8,3,2
947,2022-08-04,2022,8,4,3
948,2022-08-05,2022,8,5,4
949,2022-08-06,2022,8,6,5
950,2022-08-07,2022,8,7,6
951,2022-08-08,2022,8,8,0
952,2022-08-09,2022,8,9,1
953,2022-08-10,2022,8,10,2
954,2022-08-11,2022,8,11,3
955,2022-08-12,2022,8,12,4
956,2022-08-13,2022,8,13,5
957,2022-08-14,2022,8,14,6
958,2022-08-15,2022,8,15,0
959,2022-08-16,2022,8,16,1
960,2022-08-17,2022,8,17,2
961,2022-08-18,2022,8,18,3
962,2022-08-19,2022,8,19,4
963,2022-08-20,2022,8,20,5
964,2022-08-21,2022,8,21,6
965,2022-08-22,2022,8,22,0
966,2022-08-23,2022,8,23,1
967,2022-08-24,2022,8,24,2
968,2022-08-25,2022,8,25,3
969,2022-08-26,2022,8,26,4
970,2022-08-27,2022,8,27,5
971,2022-08-28,2022,8,28,6
972,2022-08-29,2022,8,29,0
973,2022-08-30,2022,8,30,1
974,2022-08-31,2022,8,31,2
975,2022-09-01,2022,9,1,3
976,2022-09-02,2022,9,2,4
977,2022-09-03,2022,9,3,5
978,2022-09-04,2022,9,4,6
979,2022-09-05,2022,9,5,0
980,2022-09-06,2022,9,6,1
981,2022-09-07,2022,9,7,2
982,2022-09-08,2022,9,8,3
983,2022-09-09,2022,9,9,4
984,2022-09-10,2022,9,10,5
985,2022-09-11,2022,9,11,6
986,2022-09-12,2022,9,12,0
987,2022-09-13,2022,9,13,1
988,2022-09-14,2022,9,14,2
989,2022-09-15,2022,9,15,3
990,2022-09-16,2022,9,16,4
991,2022-09-17,2022,9,17,5
992,2022-09-18,2022,9,18,6
993,2022-09-19,2022,9,19,0
994,2022-09-20,2022,9,20,1
995,2022-09-21,2022,9,21,2
996,2022-09-22,2022,9,22,3
997,2022-09-23,2022,9,23,4
998,2022-09-24,2022,9,24,5
999,2022-09-25,2022,9,25,6
1000,2022-09-26,2022,9,26,0
1001,2022-09-27,2022,9,27,1
1002,2022-09-28,2022,9,28,2
1003,2022-09-29,2022,9,29,3
1004,2022-09-30,2022,9,30,4
1005,2022-10-01,2022,10,1,5
1006,2022-10-02,2022,10,2,6
1007,2022-10-03,2022,10,3,0
1008,2022-10-04,2022,10,4,1
1009,2022-10-05,2022,10,5,2
1010,2022-10-06,2022,10,6,3
1011,2022-10-07,2022,10,7,4
1012,2022-10-08,2022,10,8,5
1013,2022-10-09,2022,10,9,6
1014,2022-10-10,2022,10,10,0
1015,2022-10-11,2022,10,11,1
1016,2022-10-12,2022,10,12,2
1017,2022-10-13,2022,10,13,3
1018,2022-10-14,2022,10,14,4
1019,2022-10-15,2022,10,15,5
1020,2022-10-16,2022,10,16,6
1021,2022-10-17,2022,10,17,0
1022,2022-10-18,2022,10,18,1
1023,2022-10-19,2022,10,19,2
1024,2022-10-20,2022,10,20,3
1025,2022-10-21,2022,10,21,4
1026,2022-10-22,2022,10,22,5
1027,2022-10-23,2022,10,23,6
1028,2022-10-24,2022,10,24,0
1029,2022-10-25,2022,10,25,1
1030,2022-10-26,2022,10,26,2
1031,2022-10-27,2022,10,27,3
1032,2022-10-28,2022,10,28,4
1033,2022-10-29,2022,10,29,5
1034,2022-10-30,2022,10,30,6
1035,2022-10-31,2022,10,31,0
1036,2022-11-01,2022,11,1,1
1037,2022-11-02,2022,11,2,2
1038,2022-11-03,2022,11,3,3
1039,2022-11-04,2022,11,4,4
1040,2022-11-05,2022,11,5,5
1041,2022-11-06,2022,11,6,6
1042,2022-11-07,2022,11,7,0
1043,2022-11-08,2022,11,8,1
1044,2022-11-09,2022,11,9,2
1045,2022-11-10,2022,11,10,3
1046,2022-11-11,2022,11,11,4
1047,2022-11-12,2022,11,12,5
1048,2022-11-13,2022,11,13,6
1049,2022-11-14,2022,11,14,0
1050,2022-11-15,2022,11,15,1
1051,2022-11-16,2022,11,16,2
1052,2022-11-17,2022,11,17,3
1053,2022-11-18,2022,11,18,4
1054,2022-11-19,2022,11,19,5
1055,2022-11-20,2022,11,20,6
1056,2022-11-21,2022,11,21,0
1057,2022-11-22,2022,11,22,1
1058,2022-11-23,2022,11,23,2
1059,2022-11-24,2022,11,24,3
1060,2022-11-25,2022,11,25,4
1061,2022-11-26,2022,11,26,5
1062,2022-11-27,2022,11,27,6
1063,2022-11-28,2022,11,28,0
1064,2022-11-29,2022,11,29,1
1065,2022-11-30,2022,11,30,2
1066,2022-12-01,2022,12,1,3
1067,2022-12-02,2022,12,2,4
1068,2022-12-03,2022,12,3,5
1069,2022-12-04,2022,12,4,6
1070,2022-12-05,2022,12,5,0
1071,2022-12-06,2022,12,6,1
1072,2022-12-07,2022,12,7,2
1073,2022-12-08,2022,12,8,3
1074,2022-12-09,2022,12,9,4
1075,2022-12-10,2022,12,10,5
1076,2022-12-11,2022,12,11,6
1077,2022-12-12,2022,12,12,0
1078,2022-12-13,2022,12,13,1
1079,2022-12-14,2022,12,14,2
1080,2022-12-15,2022,12,15,3
1081,2022-12-16,2022,12,16,4
1082,2022-12-17,2022,12,17,5
1083,2022-12-18,2022,12,18,6
1084,2022-12-19,2022,12,19,0
1085,2022-12-20,2022,12,20,1
1086,2022-12-21,2022,12,21,2
1087,2022-12-22,2022,12,22,3
1088,2022-12-23,2022,12,23,4
1089,2022-12-24,2022,12,24,5
1090,2022-12-25,2022,12,25,6
1091,2022-12-26,2022,12,26,0
1092,2022-12-27,2022,12,27,1
1093,2022-12-28,2022,12,28,2
1094,2022-12-29,2022,12,29,3
1095,2022-12-30,2022,12,30,4
1096,2022-12-31,2022,12,31,5
1097,2023-01-01,2023,1,1,6
1098,2023-01-02,2023,1,2,0
1099,2023-01-03,2023,1,3,1
1100,2023-01-04,2023,1,4,2
1101,2023-01-05,2023,1,5,3
1102,2023-01-06,2023,1,6,4
1103,2023-01-07,2023,1,7,5
1104,2023-01-08,2023,1,8,6
1105,2023-01-09,2023,1,9,0
1106,2023-01-10,2023,1,10,1
1107,2023-01-11,2023,1,11,2
1108,2023-01-12,2023,1,12,3
1109,2023-01-13,2023,1,13,4
1110,2023-01-14,2023,1,14,5
1111,2023-01-15,2023,1,15,6
1112,2023-01-16,2023,1,16,0
1113,2023-01-17,2023,1,17,1
1114,2023-01-18,2023,1,18,2
1115,2023-01-19,2023,1,19,3
1116,2023-01-20,2023,1,20,4
1117,2023-01-21,2023,1,21,5
1118,2023-01-22,2023,1,22,6
1119,2023-01-23,2023,1,23,0
1120,2023-01-24,2023,1,24,1
1121,2023-01-25,2023,1,25,2
1122,2023-01-26,2023,1,26,3
1123,2023-01-27,2023,1,27,4
1124,2023-01-28,2023,1,28,5
1125,2023-01-29,2023,1,29,6
1126,2023-01-30,2023,1,30,0
1127,2023-01-31,2023,1,31,1
1128,2023-02-01,2023,2,1,2
1129,2023-02-02,2023,2,2,3
1130,2023-02-03,2023,2,3,4
1131,2023-02-04,2023,2,4,5
1132,2023-02-05,2023,2,5,6
1133,2023-02-06,2023,2,6,0
1134,2023-02-07,2023,2,7,1
1135,2023-02-08,2023,2,8,2
1136,2023-02-09,2023,2,9,3
1137,2023-02-10,2023,2,10,4
1138,2023-02-11,2023,2,11,5
1139,2023-02-12,2023,2,12,6
1140,2023-02-13,2023,2,13,0
1141,2023-02-14,2023,2,14,1
1142,2023-02-15,2023,2,15,2
1143,2023-02-16,2023,2,16,3
1144,2023-02-17,2023,2,17,4
1145,2023-02-18,2023,2,18,5
1146,2023-02-19,2023,2,19,6
1147,2023-02-20,2023,2,20,0
1148,2023-02-21,2023,2,21,1
1149,2023-02-22,2023,2,22,2
1150,2023-02-23,2023,2,23,3
1151,2023-02-24,2023,2,24,4
1152,2023-02-25,2023,2,25,5
1153,2023-02-26,2023,2,26,6
1154,2023-02-27,2023,2,27,0
1155,2023-02-28,2023,2,28,1
1156,2023-03-01,2023,3,1,2
1157,2023-03-02,2023,3,2,3
1158,2023-03-03,2023,3,3,4
1159,2023-03-04,2023,3,4,5
1160,2023-03-05,2023,3,5,6
1161,2023-03-06,2023,3,6,0
1162,2023-03-07,2023,3,7,1
1163,2023-03-08,2023,3,8,2
1164,2023-03-09,2023,3,9,3
1165,2023-03-10,2023,3,10,4
1166,2023-03-11,2023,3,11,5
1167,2023-03-12,2023,3,12,6
1168,2023-03-13,2023,3,13,0
1169,2023-03-14,2023,3,14,1
1170,2023-03-15,2023,3,15,2
1171,2023-03-16,2023,3,16,3
1172,2023-03-17,2023,3,17,4
1173,2023-03-18,2023,3,18,5
1174,2023-03-19,2023,3,19,6
1175,2023-03-20,2023,3,20,0
1176,2023-03-21,2023,3,21,1
1177,2023-03-22,2023,3,22,2
1178,2023-03-23,2023,3,23,3
1179,2023-03-24,2023,3,24,4
1180,2023-03-25,2023,3,25,5
1181,2023-03-26,2023,3,26,6
1182,2023-03-27,2023,3,27,0
1183,2023-03-28,2023,3,28,1
1184,2023-03-29,2023,3,29,2
1185,2023-03-30,2023,3,30,3
1186,2023-03-31,2023,3,31,4
1187,2023-04-01,2023,4,1,5
1188,2023-04-02,2023,4,2,6
1189,2023-04-03,2023,4,3,0
1190,2023-04-04,2023,4,4,1
1191,2023-04-05,2023,4,5,2
1192,2023-04-06,2023,4,6,3
1193,2023-04-07,2023,4,7,4
1194,2023-04-08,2023,4,8,5
1195,2023-04-09,2023,4,9,6
1196,2023-04-10,2023,4,10,0
1197,2023-04-11,2023,4,11,1
1198,2023-04-12,2023,4,12,2
1199,2023-04-13,2023,4,13,3
1200,2023-04-14,2023,4,14,4
1201,2023-04-15,2023,4,15,5
1202,2023-04-16,2023,4,16,6
1203,2023-04-17,2023,4,17,0
1204,2023-04-18,2023,4,18,1
1205,2023-04-19,2023,4,19,2
1206,2023-04-20,2023,4,20,3
1207,2023-04-21,2023,4,21,4
1208,2023-04-22,2023,4,22,5
1209,2023-04-23,2023,4,23,6
1210,2023-04-24,2023,4,24,0
1211,2023-04-25,2023,4,25,1
1212,2023-04-26,2023,4,26,2
1213,2023-04-27,2023,4,27,3
1214,2023-04-28,2023,4,28,4
1215,2023-04-29,2023,4,29,5
1216,2023-04-30,2023,4,30,6
1217,2023-05-01,2023,5,1,0
1218,2023-05-02,2023,5,2,1
1219,2023-05-03,2023,5,3,2
1220,2023-05-04,2023,5,4,3
1221,2023-05-05,2023,5,5,4
1222,2023-05-06,2023,5,6,5
1223,2023-05-07,2023,5,7,6
1224,2023-05-08,2023,5,8,0
1225,2023-05-09,2023,5,9,1
1226,2023-05-10,2023,5,10,2
1227,2023-05-11,2023,5,11,3
1228,2023-05-12,2023,5,12,4
1229,2023-05-13,2023,5,13,5
1230,2023-05-14,2023,5,14,6
1231,2023-05-15,2023,5,15,0
1232,2023-05-16,2023,5,16,1
1233,2023-05-17,2023,5,17,2
1234,2023-05-18,2023,5,18,3
1235,2023-05-19,2023,5,19,4
1236,2023-05-20,2023,5,20,5
1237,2023-05-21,2023,5,21,6
1238,2023-05-22,2023,5,22,0
1239,2023-05-23,2023,5,23,1
1240,2023-05-24,2023,5,24,2
1241,2023-05-25,2023,5,25,3
1242,2023-05-26,2023,5,26,4
1243,2023-05-27,2023,5,27,5
1244,2023-05-28,2023,5,28,6
1245,2023-05-29,2023,5,29,0
1246,2023-05-30,2023,5,30,1
1247,2023-05-31,2023,5,31,2
1248,2023-06-01,2023,6,1,3
1249,2023-06-02,2023,6,2,4
1250,2023-06-03,2023,6,3,5
1251,2023-06-04,2023,6,4,6
1252,2023-06-05,2023,6,5,0
1253,2023-06-06,2023,6,6,1
1254,2023-06-07,2023,6,7,2
1255,2023-06-08,2023,6,8,3
1256,2023-06-09,2023,6,9,4
1257,2023-06-10,2023,6,10,5
1258,2023-06-11,2023,6,11,6
1259,2023-06-12,2023,6,12,0
1260,2023-06-13,2023,6,13,1
1261,2023-06-14,2023,6,14,2
1262,2023-06-15,2023,6,15,3
1263,2023-06-16,2023,6,16,4
1264,2023-06-17,2023,6,17,5
1265,2023-06-18,2023,6,18,6
1266,2023-06-19,2023,6,19,0
1267,2023-06-20,2023,6,20,1
1268,2023-06-21,2023,6,21,2
1269,2023-06-22,2023,6,22,3
1270,2023-06-23,2023,6,23,4
1271,2023-06-24,2023,6,24,5
1272,2023-06-25,2023,6,25,6
1273,2023-06-26,2023,6,26,0
1274,2023-06-27,2023,6,27,1
1275,2023-06-28,2023,6,28,2
1276,2023-06-29,2023,6,29,3
1277,2023-06-30,2023,6,30,4
1278,2023-07-01,2023,7,1,5
1279,2023-07-02,2023,7,2,6
1280,2023-07-03,2023,7,3,0
1281,2023-07-04,2023,7,4,1
1282,2023-07-05,2023,7,5,2
1283,2023-07-06,2023,7,6,3
1284,2023-07-07,2023,7,7,4
1285,2023-07-08,2023,7,8,5
1286,2023-07-09,2023,7,9,6
1287,2023-07-10,2023,7,10,0
1288,2023-07-11,2023,7,11,1
1289,2023-07-12,2023,7,12,2
1290,2023-07-13,2023,7,13,3
1291,2023-07-14,2023,7,14,4
1292,2023-07-15,2023,7,15,5
1293,2023-07-16,2023,7,16,6
1294,2023-07-17,2023,7,17,0
1295,2023-07-18,2023,7,18,1
1296,2023-07-19,2023,7,19,2
1297,2023-07-20,2023,7,20,3
1298,2023-07-21,2023,7,21,4
1299,2023-07-22,2023,7,22,5
1300,2023-07-23,2023,7,23,6
1301,2023-07-24,2023,7,24,0
1302,2023-07-25,2023,7,25,1
1303,2023-07-26,2023,7,26,2
1304,2023-07-27,2023,7,27,3
1305,2023-07-28,2023,7,28,4
1306,2023-07-29,2023,7,29,5
1307,2023-07-30,2023,7,30,6
1308,2023-07-31,2023,7,31,0
1309,2023-08-01,2023,8,1,1
1310,2023-08-02,2023,8,2,2
1311,2023-08-03,2023,8,3,3
1312,2023-08-04,2023,8,4,4
1313,2023-08-05,2023,8,5,5
1314,2023-08-06,2023,8,6,6
1315,2023-08-07,2023,8,7,0
1316,2023-08-08,2023,8,8,1
1317,2023-08-09,2023,8,9,2
1318,2023-08-10,2023,8,10,3
1319,2023-08-11,2023,8,11,4
1320,2023-08-12,2023,8,12,5
1321,2023-08-13,2023,8,13,6
1322,2023-08-14,2023,8,14,0
1323,2023-08-15,2023,8,15,1
1324,2023-08-16,2023,8,16,2
1325,2023-08-17,2023,8,17,3
1326,2023-08-18,2023,8,18,4
1327,2023-08-19,2023,8,19,5
1328,2023-08-20,2023,8,20,6
1329,2023-08-21,2023,8,21,0
1330,2023-08-22,2023,8,22,1
1331,2023-08-23,2023,8,23,2
1332,2023-08-24,2023,8,24,3
1333,2023-08-25,2023,8,25,4
1334,2023-08-26,2023,8,26,5
1335,2023-08-27,2023,8,27,6
1336,2023-08-28,2023,8,28,0
1337,2023-08-29,2023,8,29,1
1338,2023-08-30,2023,8,30,2
1339,2023-08-31,2023,8,31,3
1340,2023-09-01,2023,9,1,4
1341,2023-09-02,2023,9,2,5
1342,2023-09-03,2023,9,3,6
1343,2023-09-04,2023,9,4,0
1344,2023-09-05,2023,9,5,1
1345,2023-09-06,2023,9,6,2
1346,2023-09-07,2023,9,7,3
1347,2023-09-08,2023,9,8,4
1348,2023-09-09,2023,9,9,5
1349,2023-09-10,2023,9,10,6
1350,2023-09-11,2023,9,11,0
1351,2023-09-12,2023,9,12,1
1352,2023-09-13,2023,9,13,2
1353,2023-09-14,2023,9,14,3
1354,2023-09-15,2023,9,15,4
1355,2023-09-16,2023,9,16,5
1356,2023-09-17,2023,9,17,6
1357,2023-09-18,2023,9,18,0
1358,2023-09-19,2023,9,19,1
1359,2023-09-20,2023,9,20,2
1360,2023-09-21,2023,9,21,3
1361,2023-09-22,2023,9,22,4
1362,2023-09-23,2023,9,23,5
1363,2023-09-24,2023,9,24,6
1364,2023-09-25,2023,9,25,0
1365,2023-09-26,2023,9,26,1
1366,2023-09-27,2023,9,27,2
1367,2023-09-28,2023,9,28,3
1368,2023-09-29,2023,9,29,4
1369,2023-09-30,2023,9,30,5
1370,2023-10-01,2023,10,1,6
1371,2023-10-02,2023,10,2,0
1372,2023-10-03,2023,10,3,1
1373,2023-10-04,2023,10,4,2
1374,2023-10-05,2023,10,5,3
1375,2023-10-06,2023,10,6,4
1376,2023-10-07,2023,10,7,5
1377,2023-10-08,2023,10,8,6
1378,2023-10-09,2023,10,9,0
1379,2023-10-10,2023,10,10,1
1380,2023-10-11,2023,10,11,2
1381,2023-10-12,2023,10,12,3
1382,2023-10-13,2023,10,13,4
1383,2023-10-14,2023,10,14,5
1384,2023-10-15,2023,10,15,6
1385,2023-10-16,2023,10,16,0
1386,2023-10-17,2023,10,17,1
1387,2023-10-18,2023,10,18,2
1388,2023-10-19,2023,10,19,3
1389,2023-10-20,2023,10,20,4
1390,2023-10-21,2023,10,21,5
1391,2023-10-22,2023,10,22,6
1392,2023-10-23,2023,10,23,0
1393,2023-10-24,2023,10,24,1
1394,2023-10-25,2023,10,25,2
1395,2023-10-26,2023,10,26,3
1396,2023-10-27,2023,10,27,4
1397,2023-10-28,2023,10,28,5
1398,2023-10-29,2023,10,29,6
1399,2023-10-30,2023,10,30,0
1400,2023-10-31,2023,10,31,1
1401,2023-11-01,2023,11,1,2
1402,2023-11-02,2023,11,2,3
1403,2023-11-03,2023,11,3,4
1404,2023-11-04,2023,11,4,5
1405,2023-11-05,2023,11,5,6
1406,2023-11-06,2023,11,6,0
1407,2023-11-07,2023,11,7,1
1408,2023-11-08,2023,11,8,2
1409,2023-11-09,2023,11,9,3
1410,2023-11-10,2023,11,10,4
1411,2023-11-11,2023,11,11,5
1412,2023-11-12,2023,11,12,6
1413,2023-11-13,2023,11,13,0
1414,2023-11-14,2023,11,14,1
1415,2023-11-15,2023,11,15,2
1416,2023-11-16,2023,11,16,3
1417,2023-11-17,2023,11,17,4
1418,2023-11-18,2023,11,18,5
1419,2023-11-19,2023,11,19,6
1420,2023-11-20,2023,11,20,0
1421,2023-11-21,2023,11,21,1
1422,2023-11-22,2023,11,22,2
1423,2023-11-23,2023,11,23,3
1424,2023-11-24,2023,11,24,4
1425,2023-11-25,2023,11,25,5
1426,2023-11-26,2023,11,26,6
1427,2023-11-27,2023,11,27,0
1428,2023-11-28,2023,11,28,1
1429,2023-11-29,2023,11,29,2
1430,2023-11-30,2023,11,30,3
1431,2023-12-01,2023,12,1,4
1432,2023-12-02,2023,12,2,5
1433,2023-12-03,2023,12,3,6
1434,2023-12-04,2023,12,4,0
1435,2023-12-05,2023,12,5,1
1436,2023-12-06,2023,12,6,2
1437,2023-12-07,2023,12,7,3
1438,2023-12-08,2023,12,8,4
1439,2023-12-09,2023,12,9,5
1440,2023-12-10,2023,12,10,6
1441,2023-12-11,2023,12,11,0
1442,2023-12-12,2023,12,12,1
1443,2023-12-13,2023,12,13,2
1444,2023-12-14,2023,12,14,3
1445,2023-12-15,2023,12,15,4
1446,2023-12-16,2023,12,16,5
1447,2023-12-17,2023,12,17,6
1448,2023-12-18,2023,12,18,0
1449,2023-12-19,2023,12,19,1
1450,2023-12-20,2023,12,20,2
1451,2023-12-21,2023,12,21,3
1452,2023-12-22,2023,12,22,4
1453,2023-12-23,2023,12,23,5
1454,2023-12-24,2023,12,24,6
1455,2023-12-25,2023,12,25,0
1456,2023-12-26,2023,12,26,1
1457,2023-12-27,2023,12,27,2
1458,2023-12-28,2023,12,28,3
1459,2023-12-29,2023,12,29,4
1460,2023-12-30,2023,12,30,5
1461,2023-12-31,2023,12,31,6
1462,2024-01-01,2024,1,1,0
1463,2024-01-02,2024,1,2,1
1464,2024-01-03,2024,1,3,2
1465,2024-01-04,2024,1,4,3
1466,2024-01-05,2024,1,5,4
1467,2024-01-06,2024,1,6,5
1468,2024-01-07,2024,1,7,6
1469,2024-01-08,2024,1,8,0
1470,2024-01-09,2024,1,9,1
1471,2024-01-10,2024,1,10,2
1472,2024-01-11,2024,1,11,3
1473,2024-01-12,2024,1,12,4
1474,2024-01-13,2024,1,13,5
1475,2024-01-14,2024,1,14,6
1476,2024-01-15,2024,1,15,0
1477,2024-01-16,2024,1,16,1
1478,2024-01-17,2024,1,17,2
1479,2024-01-18,2024,1,18,3
1480,2024-01-19,2024,1,19,4
1481,2024-01-20,2024,1,20,5
1482,2024-01-21,2024,1,21,6
1483,2024-01-22,2024,1,22,0
1484,2024-01-23,2024,1,23,1
1485,2024-01-24,2024,1,24,2
1486,2024-01-25,2024,1,25,3
1487,2024-01-26,2024,1,26,4
1488,2024-01-27,2024,1,27,5
1489,2024-01-28,2024,1,28,6
1490,2024-01-29,2024,1,29,0
1491,2024-01-30,2024,1,30,1
1492,2024-01-31,2024,1,31,2
1493,2024-02-01,2024,2,1,3
1494,2024-02-02,2024,2,2,4
1495,2024-02-03,2024,2,3,5
1496,2024-02-04,2024,2,4,6
1497,2024-02-05,2024,2,5,0
1498,2024-02-06,2024,2,6,1
1499,2024-02-07,2024,2,7,2
1500,2024-02-08,2024,2,8,3
1501,2024-02-09,2024,2,9,4
1502,2024-02-10,2024,2,10,5
1503,2024-02-11,2024,2,11,6
1504,2024-02-12,2024,2,12,0
1505,2024-02-13,2024,2,13,1
1506,2024-02-14,2024,2,14,2
1507,2024-02-15,2024,2,15,3
1508,2024-02-16,2024,2,16,4
1509,2024-02-17,2024,2,17,5
1510,2024-02-18,2024,2,18,6
1511,2024-02-19,2024,2,19,0
1512,2024-02-20,2024,2,20,1
1513,2024-02-21,2024,2,21,2
1514,2024-02-22,2024,2,22,3
1515,2024-02-23,2024,2,23,4
1516,2024-02-24,2024,2,24,5
1517,2024-02-25,2024,2,25,6
1518,2024-02-26,2024,2,26,0
1519,2024-02-27,2024,2,27,1
1520,2024-02-28,2024,2,28,2
1521,2024-02-29,2024,2,29,3
1522,2024-03-01,2024,3,1,4
1523,2024-03-02,2024,3,2,5
1524,2024-03-03,2024,3,3,6
1525,2024-03-04,2024,3,4,0
1526,2024-03-05,2024,3,5,1
1527,2024-03-06,2024,3,6,2
1528,2024-03-07,2024,3,7,3
1529,2024-03-08,2024,3,8,4
1530,2024-03-09,2024,3,9,5
1531,2024-03-10,2024,3,10,6
1532,2024-03-11,2024,3,11,0
1533,2024-03-12,2024,3,12,1
1534,2024-03-13,2024,3,13,2
1535,2024-03-14,2024,3,14,3
1536,2024-03-15,2024,3,15,4
1537,2024-03-16,2024,3,16,5
1538,2024-03-17,2024,3,17,6
1539,2024-03-18,2024,3,18,0
1540,2024-03-19,2024,3,19,1
1541,2024-03-20,2024,3,20,2
1542,2024-03-21,2024,3,21,3
1543,2024-03-22,2024,3,22,4
1544,2024-03-23,2024,3,23,5
1545,2024-03-24,2024,3,24,6
1546,2024-03-25,2024,3,25,0
1547,2024-03-26,2024,3,26,1
1548,2024-03-27,2024,3,27,2
1549,2024-03-28,2024,3,28,3
1550,2024-03-29,2024,3,29,4
1551,2024-03-30,2024,3,30,5
1552,2024-03-31,2024,3,31,6
1553,2024-04-01,2024,4,1,0
1554,2024-04-02,2024,4,2,1
1555,2024-04-03,2024,4,3,2
1556,2024-04-04,2024,4,4,3
1557,2024-04-05,2024,4,5,4
1558,2024-04-06,2024,4,6,5
1559,2024-04-07,2024,4,7,6
1560,2024-04-08,2024,4,8,0
1561,2024-04-09,2024,4,9,1
1562,2024-04-10,2024,4,10,2
1563,2024-04-11,2024,4,11,3
1564,2024-04-12,2024,4,12,4
1565,2024-04-13,2024,4,13,5
1566,2024-04-14,2024,4,14,6
1567,2024-04-15,2024,4,15,0
1568,2024-04-16,2024,4,16,1
1569,2024-04-17,2024,4,17,2
1570,2024-04-18,2024,4,18,3
1571,2024-04-19,2024,4,19,4
1572,2024-04-20,2024,4,20,5
1573,2024-04-21,2024,4,21,6
1574,2024-04-22,2024,4,22,0
1575,2024-04-23,2024,4,23,1
1576,2024-04-24,2024,4,24,2
1577,2024-04-25,2024,4,25,3
1578,2024-04-26,2024,4,26,4
1579,2024-04-27,2024,4,27,5
1580,2024-04-28,2024,4,28,6
1581,2024-04-29,2024,4,29,0
1582,2024-04-30,2024,4,30,1
1583,2024-05-01,2024,5,1,2
1584,2024-05-02,2024,5,2,3
1585,2024-05-03,2024,5,3,4
1586,2024-05-04,2024,5,4,5
1587,2024-05-05,2024,5,5,6
1588,2024-05-06,2024,5,6,0
1589,2024-05-07,2024,5,7,1
1590,2024-05-08,2024,5,8,2
1591,2024-05-09,2024,5,9,3
1592,2024-05-10,2024,5,10,4
1593,2024-05-11,2024,5,11,5
1594,2024-05-12,2024,5,12,6
1595,2024-05-13,2024,5,13,0
1596,2024-05-14,2024,5,14,1
1597,2024-05-15,2024,5,15,2
1598,2024-05-16,2024,5,16,3
1599,2024-05-17,2024,5,17,4
1600,2024-05-18,2024,5,18,5
1601,2024-05-19,2024,5,19,6
1602,2024-05-20,2024,5,20,0
1603,2024-05-21,2024,5,21,1
1604,2024-05-22,2024,5,22,2
1605,2024-05-23,2024,5,23,3
1606,2024-05-24,2024,5,24,4
1607,2024-05-25,2024,5,25,5
1608,2024-05-26,2024,5,26,6
1609,2024-05-27,2024,5,27,0
1610,2024-05-28,2024,5,28,1
1611,2024-05-29,2024,5,29,2
1612,2024-05-30,2024,5,30,3
1613,2024-05-31,2024,5,31,4
1614,2024-06-01,2024,6,1,5
1615,2024-06-02,2024,6,2,6
1616,2024-06-03,2024,6,3,0
1617,2024-06-04,2024,6,4,1
1618,2024-06-05,2024,6,5,2
1619,2024-06-06,2024,6,6,3
1620,2024-06-07,2024,6,7,4
1621,2024-06-08,2024,6,8,5
1622,2024-06-09,2024,6,9,6
1623,2024-06-10,2024,6,10,0
1624,2024-06-11,2024,6,11,1
1625,2024-06-12,2024,6,12,2
1626,2024-06-13,2024,6,13,3
1627,2024-06-14,2024,6,14,4
1628,2024-06-15,2024,6,15,5
1629,2024-06-16,2024,6,16,6
1630,2024-06-17,2024,6,17,0
1631,2024-06-18,2024,6,18,1
1632,2024-06-19,2024,6,19,2
1633,2024-06-20,2024,6,20,3
1634,2024-06-21,2024,6,21,4
1635,2024-06-22,2024,6,22,5
1636,2024-06-23,2024,6,23,6
1637,2024-06-24,2024,6,24,0
1638,2024-06-25,2024,6,25,1
1639,2024-06-26,2024,6,26,2
1640,2024-06-27,2024,6,27,3
1641,2024-06-28,2024,6,28,4
1642,2024-06-29,2024,6,29,5
1643,2024-06-30,2024,6,30,6
1644,2024-07-01,2024,7,1,0
1645,2024-07-02,2024,7,2,1
1646,2024-07-03,2024,7,3,2
1647,2024-07-04,2024,7,4,3
1648,2024-07-05,2024,7,5,4
1649,2024-07-06,2024,7,6,5
1650,2024-07-07,2024,7,7,6
1651,2024-07-08,2024,7,8,0
1652,2024-07-09,2024,7,9,1
1653,2024-07-10,2024,7,10,2
1654,2024-07-11,2024,7,11,3
1655,2024-07-12,2024,7,12,4
1656,2024-07-13,2024,7,13,5
1657,2024-07-14,2024,7,14,6
1658,2024-07-15,2024,7,15,0
1659,2024-07-16,2024,7,16,1
1660,2024-07-17,2024,7,17,2
1661,2024-07-18,2024,7,18,3
1662,2024-07-19,2024,7,19,4
1663,2024-07-20,2024,7,20,5
1664,2024-07-21,2024,7,21,6
1665,2024-07-22,2024,7,22,0
1666,2024-07-23,2024,7,23,1
1667,2024-07-24,2024,7,24,2
1668,2024-07-25,2024,7,25,3
1669,2024-07-26,2024,7,26,4
1670,2024-07-27,2024,7,27,5
1671,2024-07-28,2024,7,28,6
1672,2024-07-29,2024,7,29,0
1673,2024-07-30,2024,7,30,1
1674,2024-07-31,2024,7,31,2
1675,2024-08-01,2024,8,1,3
1676,2024-08-02,2024,8,2,4
1677,2024-08-03,2024,8,3,5
1678,2024-08-04,2024,8,4,6
1679,2024-08-05,2024,8,5,0
1680,2024-08-06,2024,8,6,1
1681,2024-08-07,2024,8,7,2
1682,2024-08-08,2024,8,8,3
1683,2024-08-09,2024,8,9,4
1684,2024-08-10,2024,8,10,5
1685,2024-08-11,2024,8,11,6
1686,2024-08-12,2024,8,12,0
1687,2024-08-13,2024,8,13,1
1688,2024-08-14,2024,8,14,2
1689,2024-08-15,2024,8,15,3
1690,2024-08-16,2024,8,16,4
1691,2024-08-17,2024,8,17,5
1692,2024-08-18,2024,8,18,6
1693,2024-08-19,2024,8,19,0
1694,2024-08-20,2024,8,20,1
1695,2024-08-21,2024,8,21,2
1696,2024-08-22,2024,8,22,3
1697,2024-08-23,2024,8,23,4
1698,2024-08-24,2024,8,24,5
1699,2024-08-25,2024,8,25,6
1700,2024-08-26,2024,8,26,0
1701,2024-08-27,2024,8,27,1
1702,2024-08-28,2024,8,28,2
1703,2024-08-29,2024,8,29,3
1704,2024-08-30,2024,8,30,4
1705,2024-08-31,2024,8,31,5
1706,2024-09-01,2024,9,1,6
1707,2024-09-02,2024,9,2,0
1708,2024-09-03,2024,9,3,1
1709,2024-09-04,2024,9,4,2
1710,2024-09-05,2024,9,5,3
1711,2024-09-06,2024,9,6,4
1712,2024-09-07,2024,9,7,5
1713,2024-09-08,2024,9,8,6
1714,2024-09-09,2024,9,9,0
1715,2024-09-10,2024,9,10,1
1716,2024-09-11,2024,9,11,2
1717,2024-09-12,2024,9,12,3
1718,2024-09-13,2024,9,13,4
1719,2024-09-14,2024,9,14,5
1720,2024-09-15,2024,9,15,6
1721,2024-09-16,2024,9,16,0
1722,2024-09-17,2024,9,17,1
1723,2024-09-18,2024,9,18,2
1724,2024-09-19,2024,9,19,3
1725,2024-09-20,2024,9,20,4
1726,2024-09-21,2024,9,21,5
1727,2024-09-22,2024,9,22,6
1728,2024-09-23,2024,9,23,0
1729,2024-09-24,2024,9,24,1
1730,2024-09-25,2024,9,25,2
1731,2024-09-26,2024,9,26,3
1732,2024-09-27,2024,9,27,4
1733,2024-09-28,2024,9,28,5
1734,2024-09-29,2024,9,29,6
1735,2024-09-30,2024,9,30,0
1736,2024-10-01,2024,10,1,1
1737,2024-10-02,2024,10,2,2
1738,2024-10-03,2024,10,3,3
1739,2024-10-04,2024,10,4,4
1740,2024-10-05,2024,10,5,5
1741,2024-10-06,2024,10,6,6
1742,2024-10-07,2024,10,7,0
1743,2024-10-08,2024,10,8,1
1744,2024-10-09,2024,10,9,2
1745,2024-10-10,2024,10,10,3
1746,2024-10-11,2024,10,11,4
1747,2024-10-12,2024,10,12,5
1748,2024-10-13,2024,10,13,6
1749,2024-10-14,2024,10,14,0
1750,2024-10-15,2024,10,15,1
1751,2024-10-16,2024,10,16,2
1752,2024-10-17,2024,10,17,3
1753,2024-10-18,2024,10,18,4
1754,2024-10-19,2024,10,19,5
1755,2024-10-20,2024,10,20,6
1756,2024-10-21,2024,10,21,0
1757,2024-10-22,2024,10,22,1
1758,2024-10-23,2024,10,23,2
1759,2024-10-24,2024,10,24,3
1760,2024-10-25,2024,10,25,4
1761,2024-10-26,2024,10,26,5
1762,2024-10-27,2024,10,27,6
1763,2024-10-28,2024,10,28,0
1764,2024-10-29,2024,10,29,1
1765,2024-10-30,2024,10,30,2
1766,2024-10-31,2024,10,31,3
1767,2024-11-01,2024,11,1,4
1768,2024-11-02,2024,11,2,5
1769,2024-11-03,2024,11,3,6
1770,2024-11-04,2024,11,4,0
1771,2024-11-05,2024,11,5,1
1772,2024-11-06,2024,11,6,2
1773,2024-11-07,2024,11,7,3
1774,2024-11-08,2024,11,8,4
1775,2024-11-09,2024,11,9,5
1776,2024-11-10,2024,11,10,6
1777,2024-11-11,2024,11,11,0
1778,2024-11-12,2024,11,12,1
1779,2024-11-13,2024,11,13,2
1780,2024-11-14,2024,11,14,3
1781,2024-11-15,2024,11,15,4
1782,2024-11-16,2024,11,16,5
1783,2024-11-17,2024,11,17,6
1784,2024-11-18,2024,11,18,0
1785,2024-11-19,2024,11,19,1
1786,2024-11-20,2024,11,20,2
1787,2024-11-21,2024,11,21,3
1788,2024-11-22,2024,11,22,4
1789,2024-11-23,2024,11,23,5
1790,2024-11-24,2024,11,24,6
1791,2024-11-25,2024,11,25,0
1792,2024-11-26,2024,11,26,1
1793,2024-11-27,2024,11,27,2
1794,2024-11-28,2024,11,28,3
1795,2024-11-29,2024,11,29,4
1796,2024-11-30,2024,11,30,5
1797,2024-12-01,2024,12,1,6
1798,2024-12-02,2024,12,2,0
1799,2024-12-03,2024,12,3,1
1800,2024-12-04,2024,12,4,2
1801,2024-12-05,2024,12,5,3
1802,2024-12-06,2024,12,6,4
1803,2024-12-07,2024,12,7,5
1804,2024-12-08,2024,12,8,6
1805,2024-12-09,2024,12,9,0
1806,2024-12-10,2024,12,10,1
1807,2024-12-11,2024,12,11,2
1808,2024-12-12,2024,12,12,3
1809,2024-12-13,2024,12,13,4
1810,2024-12-14,2024,12,14,5
1811,2024-12-15,2024,12,15,6
1812,2024-12-16,2024,12,16,0
1813,2024-12-17,2024,12,17,1
1814,2024-12-18,2024,12,18,2
1815,2024-12-19,2024,12,19,3
1816,2024-12-20,2024,12,20,4
1817,2024-12-21,2024,12,21,5
1818,2024-12-22,2024,12,22,6
1819,2024-12-23,2024,12,23,0
1820,2024-12-24,2024,12,24,1
1821,2024-12-25,2024,12,25,2
1822,2024-12-26,2024,12,26,3
1823,2024-12-27,2024,12,27,4
1824,2024-12-28,2024,12,28,5
1825,2024-12-29,2024,12,29,6
1826,2024-12-30,2024,12,30,0
1827,2024-12-31,2024,12,31,1
1828,2025-01-01,2025,1,1,2
