TransactionID,AccountID,DateID,Amount,TransactionType
TRANS000001,ACC00169,674,-4409.92,Payment
TRANS000002,ACC00217,365,2119.42,Withdrawal
TRANS000003,ACC00378,821,-4683.74,Transfer
TRANS000004,ACC00119,1403,-3457.1,Deposit
TRANS000005,ACC00190,343,13223.37,Withdrawal
TRANS000006,ACC00255,947,2097.22,Transfer
TRANS000007,ACC00370,899,3495.43,Withdrawal
TRANS000008,ACC00266,1578,-693.11,Deposit
TRANS000009,ACC00149,1378,6941.92,Withdrawal
TRANS000010,ACC00164,1440,6896.06,Deposit
TRANS000011,ACC00140,1133,2444.01,Withdrawal
TRANS000012,ACC00347,1587,1660.7,Deposit
TRANS000013,ACC00488,762,12699.29,Withdrawal
TRANS000014,ACC00258,1521,2665.68,Deposit
TRANS000015,ACC00374,341,4870.02,Payment
TRANS000016,ACC00269,942,666.1,Withdrawal
TRANS000017,ACC00181,383,10735.39,Withdrawal
TRANS000018,ACC00160,1004,2948.96,Transfer
TRANS000019,ACC00351,1557,5272.22,Transfer
TRANS000020,ACC00400,300,67.14,Deposit
TRANS000021,ACC00288,139,14753.19,Withdrawal
TRANS000022,ACC00288,359,829.91,Deposit
TRANS000023,ACC00380,836,10414.85,Payment
TRANS000024,ACC00226,1523,3549.91,Transfer
TRANS000025,ACC00011,1409,-875.65,Deposit
TRANS000026,ACC00010,1628,10994.38,Deposit
TRANS000027,ACC00271,1304,1672.14,Transfer
TRANS000028,ACC00273,1661,12303.87,Withdrawal
TRANS000029,ACC00424,483,13305.14,Deposit
TRANS000030,ACC00402,909,12196.48,Transfer
TRANS000031,ACC00183,1135,-4299.84,Withdrawal
TRANS000032,ACC00457,866,10747.47,Payment
TRANS000033,ACC00153,139,3226.79,Transfer
TRANS000034,ACC00488,996,12474.46,Deposit
TRANS000035,ACC00315,435,7759.09,Payment
TRANS000036,ACC00334,509,11672.86,Withdrawal
TRANS000037,ACC00124,273,4988.64,Withdrawal
TRANS000038,ACC00473,1123,5700.51,Transfer
TRANS000039,ACC00114,1788,-2112.25,Transfer
TRANS000040,ACC00278,104,10679.75,Transfer
TRANS000041,ACC00500,1238,3387.79,Withdrawal
TRANS000042,ACC00414,1785,5001.6,Payment
TRANS000043,ACC00468,1688,10701.95,Withdrawal
TRANS000044,ACC00213,762,6976.91,Deposit
TRANS000045,ACC00172,787,-978.03,Withdrawal
TRANS000046,ACC00288,165,6804.65,Deposit
TRANS000047,ACC00435,999,3152.66,Payment
TRANS000048,ACC00174,520,4390.51,Transfer
TRANS000049,ACC00113,1308,-4433.77,Transfer
TRANS000050,ACC00376,517,-799.41,Withdrawal
TRANS000051,ACC00405,657,620.76,Transfer
TRANS000052,ACC00483,613,9259.2,Payment
TRANS000053,ACC00122,164,-4770.15,Transfer
TRANS000054,ACC00032,1683,3175.55,Withdrawal
TRANS000055,ACC00222,64,13480.54,Payment
TRANS000056,ACC00119,1115,-2762.39,Deposit
TRANS000057,ACC00039,1141,5328.49,Withdrawal
TRANS000058,ACC00497,267,10730.45,Deposit
TRANS000059,ACC00268,1709,13850.63,Payment
TRANS000060,ACC00233,1583,9935.53,Withdrawal
TRANS000061,ACC00431,1164,9411.31,Withdrawal
TRANS000062,ACC00018,246,11529.76,Payment
TRANS000063,ACC00149,1685,3924.02,Transfer
TRANS000064,ACC00397,1782,11116.89,Withdrawal
TRANS000065,ACC00149,395,-4840.71,Withdrawal
TRANS000066,ACC00126,1511,13491.22,Deposit
TRANS000067,ACC00392,476,3866.13,Transfer
TRANS000068,ACC00302,1541,6067.6,Deposit
TRANS000069,ACC00360,977,97.64,Deposit
TRANS000070,ACC00238,1208,9850.62,Transfer
TRANS000071,ACC00135,1044,-3467.28,Transfer
TRANS000072,ACC00151,558,12452.72,Payment
TRANS000073,ACC00236,1018,11562.34,Transfer
TRANS000074,ACC00224,1548,-678.8,Withdrawal
TRANS000075,ACC00203,1606,11186.49,Transfer
TRANS000076,ACC00256,1553,10727.15,Payment
TRANS000077,ACC00086,883,7644.33,Payment
TRANS000078,ACC00150,147,2470.4,Payment
TRANS000079,ACC00235,666,429.98,Transfer
TRANS000080,ACC00345,1328,-364.33,Transfer
TRANS000081,ACC00022,620,1372.18,Deposit
TRANS000082,ACC00348,1772,13071.17,Deposit
TRANS000083,ACC00285,820,-3447.18,Withdrawal
TRANS000084,ACC00269,864,11577.43,Deposit
TRANS000085,ACC00466,582,1977.8,Withdrawal
TRANS000086,ACC00258,1023,5431.99,Payment
TRANS000087,ACC00029,695,10889.71,Deposit
TRANS000088,ACC00213,1786,12687.53,Transfer
TRANS000089,ACC00463,1252,1895.63,Deposit
TRANS000090,ACC00436,1126,4236.87,Withdrawal
TRANS000091,ACC00283,1611,3290.32,Deposit
TRANS000092,ACC00050,1441,-4734.98,Payment
TRANS000093,ACC00095,1240,918.86,Transfer
TRANS000094,ACC00463,407,4183.78,Withdrawal
TRANS000095,ACC00499,399,3221.87,Transfer
TRANS000096,ACC00407,715,9438.58,Transfer
TRANS000097,ACC00088,704,2696.07,Withdrawal
TRANS000098,ACC00044,761,4787.53,Transfer
TRANS000099,ACC00461,499,3592.17,Transfer
TRANS000100,ACC00278,1778,9812.52,Deposit
TRANS000101,ACC00171,1489,12259.45,Transfer
TRANS000102,ACC00421,1715,5637.78,Transfer
TRANS000103,ACC00189,974,10788.64,Transfer
TRANS000104,ACC00353,1755,935.73,Transfer
TRANS000105,ACC00184,82,5827.39,Withdrawal
TRANS000106,ACC00003,604,1904.6,Payment
TRANS000107,ACC00191,1711,3284.02,Deposit
TRANS000108,ACC00118,1775,9648.28,Transfer
TRANS000109,ACC00019,772,12633.25,Transfer
TRANS000110,ACC00023,903,-2570.09,Withdrawal
TRANS000111,ACC00413,365,7692.79,Payment
TRANS000112,ACC00030,163,6642.88,Transfer
TRANS000113,ACC00295,1072,-2631.7,Withdrawal
TRANS000114,ACC00108,511,-762.11,Deposit
TRANS000115,ACC00367,1353,1220.05,Deposit
TRANS000116,ACC00281,116,-1661.38,Transfer
TRANS000117,ACC00128,941,-125.41,Transfer
TRANS000118,ACC00229,337,352.02,Payment
TRANS000119,ACC00111,881,1713.48,Payment
TRANS000120,ACC00136,737,9987.81,Transfer
TRANS000121,ACC00362,840,6438.24,Withdrawal
TRANS000122,ACC00186,147,14724.93,Payment
TRANS000123,ACC00144,1599,3294.72,Transfer
TRANS000124,ACC00072,1347,10077.3,Payment
TRANS000125,ACC00129,443,12429.37,Transfer
TRANS000126,ACC00364,837,8579.57,Deposit
TRANS000127,ACC00261,1037,3237.29,Transfer
TRANS000128,ACC00003,943,10071.89,Deposit
TRANS000129,ACC00449,1518,-926.66,Payment
TRANS000130,ACC00388,1725,1551.04,Transfer
TRANS000131,ACC00104,287,5933.71,Payment
TRANS000132,ACC00483,720,6508.19,Deposit
TRANS000133,ACC00224,1138,-4557.17,Transfer
TRANS000134,ACC00320,480,13902.28,Payment
TRANS000135,ACC00362,22,8932.55,Deposit
TRANS000136,ACC00354,1373,4914.08,Payment
TRANS000137,ACC00491,1750,13662.54,Withdrawal
TRANS000138,ACC00473,683,3781.91,Deposit
TRANS000139,ACC00010,1590,14608.71,Deposit
TRANS000140,ACC00405,906,5245.7,Deposit
TRANS000141,ACC00384,320,-2714.28,Transfer
TRANS000142,ACC00302,126,10296.02,Transfer
TRANS000143,ACC00231,277,8577.95,Transfer
TRANS000144,ACC00219,1228,10459.73,Withdrawal
TRANS000145,ACC00411,194,14028.84,Withdrawal
TRANS000146,ACC00066,1705,10529.79,Deposit
TRANS000147,ACC00425,1688,7226.73,Withdrawal
TRANS000148,ACC00112,1571,12146.18,Payment
TRANS000149,ACC00013,696,8464.93,Deposit
TRANS000150,ACC00393,1310,3162.38,Deposit
TRANS000151,ACC00500,57,12712.4,Payment
TRANS000152,ACC00420,1758,-561.99,Deposit
TRANS000153,ACC00086,1327,9292.83,Withdrawal
TRANS000154,ACC00234,1187,12631.27,Transfer
TRANS000155,ACC00090,19,9626.33,Payment
TRANS000156,ACC00314,1394,8945.51,Withdrawal
TRANS000157,ACC00054,264,10052.77,Payment
TRANS000158,ACC00012,794,4301.1,Payment
TRANS000159,ACC00209,113,12483.41,Deposit
TRANS000160,ACC00462,1512,-931.27,Deposit
TRANS000161,ACC00014,1351,-2452.27,Withdrawal
TRANS000162,ACC00121,542,710.18,Payment
TRANS000163,ACC00418,647,5631.55,Deposit
TRANS000164,ACC00437,579,5211.24,Deposit
TRANS000165,ACC00377,1089,11411.98,Payment
TRANS000166,ACC00020,1316,3091.37,Withdrawal
TRANS000167,ACC00075,25,4686.89,Withdrawal
TRANS000168,ACC00400,1573,-4732.65,Payment
TRANS000169,ACC00243,1,3194.78,Withdrawal
TRANS000170,ACC00223,911,7955.48,Deposit
TRANS000171,ACC00070,1573,-4689.83,Payment
TRANS000172,ACC00312,141,617.64,Deposit
TRANS000173,ACC00211,1768,-840.87,Transfer
TRANS000174,ACC00101,648,-4160.29,Transfer
TRANS000175,ACC00186,188,4585.2,Withdrawal
TRANS000176,ACC00132,1152,-1365.53,Transfer
TRANS000177,ACC00111,201,9861.63,Deposit
TRANS000178,ACC00381,1151,11958.56,Transfer
TRANS000179,ACC00132,257,5911.7,Deposit
TRANS000180,ACC00020,1700,14634.15,Withdrawal
TRANS000181,ACC00394,547,4009.57,Withdrawal
TRANS000182,ACC00024,194,5267.36,Deposit
TRANS000183,ACC00227,703,14784.36,Transfer
TRANS000184,ACC00154,1128,-369.03,Withdrawal
TRANS000185,ACC00293,1559,13850.92,Payment
TRANS000186,ACC00230,1289,-4143.25,Withdrawal
TRANS000187,ACC00469,802,3927.74,Transfer
TRANS000188,ACC00310,942,-3599.93,Payment
TRANS000189,ACC00488,1408,9584.69,Transfer
TRANS000190,ACC00359,1284,7168.18,Deposit
TRANS000191,ACC00405,414,9132.69,Payment
TRANS000192,ACC00202,1382,2489.61,Transfer
TRANS000193,ACC00038,1099,2389.64,Payment
TRANS000194,ACC00430,1379,-4093.61,Transfer
TRANS000195,ACC00260,1608,1998.9,Payment
TRANS000196,ACC00188,1795,13585.77,Transfer
TRANS000197,ACC00057,910,2584.53,Deposit
TRANS000198,ACC00429,188,11627.35,Payment
TRANS000199,ACC00020,1709,11846.51,Payment
TRANS000200,ACC00273,1314,2464.82,Payment
TRANS000201,ACC00119,45,7639.77,Payment
TRANS000202,ACC00071,1597,-3092.57,Deposit
TRANS000203,ACC00004,83,-2926.43,Payment
TRANS000204,ACC00221,1147,-4026.85,Withdrawal
TRANS000205,ACC00014,358,6620.3,Deposit
TRANS000206,ACC00003,1552,3521.42,Withdrawal
TRANS000207,ACC00216,1090,5960.65,Payment
TRANS000208,ACC00229,936,5421.46,Transfer
TRANS000209,ACC00336,1681,2004.06,Withdrawal
TRANS000210,ACC00186,375,8549.47,Payment
TRANS000211,ACC00055,162,10170.04,Withdrawal
TRANS000212,ACC00500,1770,-4707.43,Payment
TRANS000213,ACC00388,1404,-855.15,Payment
TRANS000214,ACC00376,1680,9264.72,Payment
TRANS000215,ACC00254,1382,2732.4,Transfer
TRANS000216,ACC00024,1212,8249.68,Withdrawal
TRANS000217,ACC00162,322,1939.25,Deposit
TRANS000218,ACC00158,450,2815.1,Deposit
TRANS000219,ACC00082,1498,-1826.42,Deposit
TRANS000220,ACC00403,1037,164.62,Deposit
TRANS000221,ACC00159,184,7108.24,Payment
TRANS000222,ACC00188,111,3663.26,Withdrawal
TRANS000223,ACC00060,508,10486.05,Withdrawal
TRANS000224,ACC00403,1314,12051.7,Transfer
TRANS000225,ACC00305,295,5832.93,Withdrawal
TRANS000226,ACC00319,1475,10165.35,Withdrawal
TRANS000227,ACC00366,904,1138.09,Withdrawal
TRANS000228,ACC00211,1239,3299.42,Transfer
TRANS000229,ACC00406,974,9255.55,Deposit
TRANS000230,ACC00152,632,2724.24,Withdrawal
TRANS000231,ACC00109,1591,6770.1,Transfer
TRANS000232,ACC00076,1051,-1292.54,Transfer
TRANS000233,ACC00030,1654,6995.43,Payment
TRANS000234,ACC00314,733,12230.27,Transfer
TRANS000235,ACC00486,1255,12372.79,Deposit
TRANS000236,ACC00117,1589,9486.89,Withdrawal
TRANS000237,ACC00415,321,9915.07,Transfer
TRANS000238,ACC00356,913,6158.55,Deposit
TRANS000239,ACC00192,1257,6693.36,Transfer
TRANS000240,ACC00019,1694,-2326.99,Transfer
TRANS000241,ACC00432,437,3877.18,Transfer
TRANS000242,ACC00173,781,4015.53,Transfer
TRANS000243,ACC00228,1557,14169.96,Transfer
TRANS000244,ACC00350,1427,3621.74,Deposit
TRANS000245,ACC00183,1077,5986.85,Withdrawal
TRANS000246,ACC00113,1811,5665.03,Withdrawal
TRANS000247,ACC00183,1337,7735.23,Withdrawal
TRANS000248,ACC00481,1305,9964.66,Withdrawal
TRANS000249,ACC00146,726,-499.16,Deposit
TRANS000250,ACC00319,31,5574.49,Payment
TRANS000251,ACC00116,337,11518.35,Payment
TRANS000252,ACC00113,183,4262.29,Deposit
TRANS000253,ACC00251,1047,569.15,Deposit
TRANS000254,ACC00476,544,8094.18,Transfer
TRANS000255,ACC00251,1470,11475.35,Transfer
TRANS000256,ACC00303,1098,-3737.19,Transfer
TRANS000257,ACC00459,1034,10535.81,Withdrawal
TRANS000258,ACC00313,1508,11432.96,Transfer
TRANS000259,ACC00118,1480,4230.46,Payment
TRANS000260,ACC00301,1590,14666.11,Withdrawal
TRANS000261,ACC00161,1588,10734.17,Transfer
TRANS000262,ACC00401,660,10473.25,Withdrawal
TRANS000263,ACC00198,160,9956.77,Payment
TRANS000264,ACC00260,1038,-1987.84,Transfer
TRANS000265,ACC00148,1202,-655.38,Payment
TRANS000266,ACC00240,412,4279.8,Payment
TRANS000267,ACC00047,1012,280.09,Payment
TRANS000268,ACC00475,53,3304.82,Transfer
TRANS000269,ACC00399,408,12769.28,Deposit
TRANS000270,ACC00198,847,11486.54,Transfer
TRANS000271,ACC00047,1046,7600.8,Payment
TRANS000272,ACC00078,1054,12162.41,Transfer
TRANS000273,ACC00124,703,10675.45,Payment
TRANS000274,ACC00075,260,3579.7,Deposit
TRANS000275,ACC00359,1229,-978.7,Withdrawal
TRANS000276,ACC00137,1083,5284.02,Deposit
TRANS000277,ACC00090,1495,9724.58,Deposit
TRANS000278,ACC00400,776,3728.39,Withdrawal
TRANS000279,ACC00325,1490,8335.44,Transfer
TRANS000280,ACC00500,1036,-3113.45,Withdrawal
TRANS000281,ACC00061,1655,9960.09,Transfer
TRANS000282,ACC00138,1314,11254.27,Transfer
TRANS000283,ACC00050,850,9136.76,Payment
TRANS000284,ACC00259,1784,14345.27,Payment
TRANS000285,ACC00461,354,11533.04,Withdrawal
TRANS000286,ACC00107,1663,13061.87,Deposit
TRANS000287,ACC00113,1099,13671.42,Withdrawal
TRANS000288,ACC00350,873,11026.96,Transfer
TRANS000289,ACC00254,1740,8485.18,Payment
TRANS000290,ACC00118,1585,-4885.63,Withdrawal
TRANS000291,ACC00493,1615,4316.52,Withdrawal
TRANS000292,ACC00198,1465,6423.25,Payment
TRANS000293,ACC00337,991,1080.61,Payment
TRANS000294,ACC00365,1265,1362.09,Payment
TRANS000295,ACC00051,1018,14223.19,Transfer
TRANS000296,ACC00245,1178,12834.22,Payment
TRANS000297,ACC00403,1810,11983.58,Deposit
TRANS000298,ACC00426,1120,3120.24,Withdrawal
TRANS000299,ACC00035,1750,-4726.03,Payment
TRANS000300,ACC00302,294,-3395.56,Payment
TRANS000301,ACC00410,209,1243.93,Transfer
TRANS000302,ACC00499,1367,-4685.14,Transfer
TRANS000303,ACC00069,1112,-4657.0,Withdrawal
TRANS000304,ACC00349,818,13332.07,Deposit
TRANS000305,ACC00320,1800,9123.17,Withdrawal
TRANS000306,ACC00421,390,1179.12,Payment
TRANS000307,ACC00468,325,-2347.11,Deposit
TRANS000308,ACC00049,940,5232.71,Deposit
TRANS000309,ACC00405,889,-4893.08,Deposit
TRANS000310,ACC00074,1181,13768.27,Deposit
TRANS000311,ACC00192,668,3296.3,Withdrawal
TRANS000312,ACC00261,1675,3046.7,Transfer
TRANS000313,ACC00356,633,2811.87,Transfer
TRANS000314,ACC00070,577,-3613.43,Payment
TRANS000315,ACC00090,1643,7766.44,Transfer
TRANS000316,ACC00260,1683,9660.07,Transfer
TRANS000317,ACC00126,137,8522.51,Transfer
TRANS000318,ACC00231,1698,-2231.29,Transfer
TRANS000319,ACC00295,428,6576.8,Payment
TRANS000320,ACC00498,1476,6389.69,Withdrawal
TRANS000321,ACC00419,612,12368.22,Deposit
TRANS000322,ACC00129,911,2582.55,Transfer
TRANS000323,ACC00280,819,2429.72,Withdrawal
TRANS000324,ACC00313,141,7370.54,Transfer
TRANS000325,ACC00100,1107,7661.45,Transfer
TRANS000326,ACC00326,177,4385.7,Deposit
TRANS000327,ACC00297,198,3861.19,Deposit
TRANS000328,ACC00182,624,4882.95,Deposit
TRANS000329,ACC00174,1592,12220.91,Transfer
TRANS000330,ACC00316,691,4223.34,Transfer
TRANS000331,ACC00364,1445,13798.64,Transfer
TRANS000332,ACC00188,401,5080.08,Deposit
TRANS000333,ACC00057,1722,13984.01,Payment
TRANS000334,ACC00031,471,11656.64,Withdrawal
TRANS000335,ACC00084,218,2248.63,Payment
TRANS000336,ACC00152,929,12272.83,Transfer
TRANS000337,ACC00473,1753,-2798.73,Transfer
TRANS000338,ACC00036,632,13500.94,Payment
TRANS000339,ACC00213,951,7632.87,Transfer
TRANS000340,ACC00414,906,-3912.19,Withdrawal
TRANS000341,ACC00408,175,7885.13,Transfer
TRANS000342,ACC00364,23,14484.95,Withdrawal
TRANS000343,ACC00106,1749,-3603.99,Payment
TRANS000344,ACC00414,235,6093.75,Payment
TRANS000345,ACC00342,1037,9955.89,Transfer
TRANS000346,ACC00220,1125,11205.17,Withdrawal
TRANS000347,ACC00391,929,3276.55,Transfer
TRANS000348,ACC00163,1560,-916.67,Deposit
TRANS000349,ACC00439,523,-4153.15,Deposit
TRANS000350,ACC00220,1809,6594.52,Deposit
TRANS000351,ACC00270,1476,4058.22,Deposit
TRANS000352,ACC00120,431,13974.89,Transfer
TRANS000353,ACC00394,793,-3787.9,Deposit
TRANS000354,ACC00336,1630,8707.91,Withdrawal
TRANS000355,ACC00400,1737,-4500.68,Payment
TRANS000356,ACC00182,533,-1571.32,Payment
TRANS000357,ACC00479,979,4071.58,Deposit
TRANS000358,ACC00106,1747,4097.45,Deposit
TRANS000359,ACC00217,1676,8714.01,Deposit
TRANS000360,ACC00205,1317,13204.26,Transfer
TRANS000361,ACC00070,810,7780.64,Payment
TRANS000362,ACC00044,913,14070.7,Deposit
TRANS000363,ACC00329,1125,12632.31,Withdrawal
TRANS000364,ACC00301,1526,6690.0,Deposit
TRANS000365,ACC00228,1328,11675.84,Payment
TRANS000366,ACC00184,871,7851.55,Deposit
TRANS000367,ACC00107,540,-3428.84,Payment
TRANS000368,ACC00084,1024,9811.29,Deposit
TRANS000369,ACC00338,1577,-3101.83,Withdrawal
TRANS000370,ACC00250,1379,6881.66,Deposit
TRANS000371,ACC00363,1327,9052.8,Withdrawal
TRANS000372,ACC00441,1520,-3669.45,Withdrawal
TRANS000373,ACC00021,1682,-384.11,Deposit
TRANS000374,ACC00196,1792,13313.44,Withdrawal
TRANS000375,ACC00178,227,7326.29,Transfer
TRANS000376,ACC00417,1260,-74.28,Deposit
TRANS000377,ACC00475,873,8813.6,Deposit
TRANS000378,ACC00007,892,6935.53,Withdrawal
TRANS000379,ACC00070,1479,5031.51,Withdrawal
TRANS000380,ACC00127,1037,14523.74,Deposit
TRANS000381,ACC00399,210,8669.08,Transfer
TRANS000382,ACC00466,741,2508.82,Withdrawal
TRANS000383,ACC00160,397,11001.47,Withdrawal
TRANS000384,ACC00248,1124,12691.67,Payment
TRANS000385,ACC00203,31,-2495.59,Transfer
TRANS000386,ACC00148,898,-988.94,Transfer
TRANS000387,ACC00472,1552,-675.46,Deposit
TRANS000388,ACC00143,649,8824.24,Transfer
TRANS000389,ACC00432,329,7060.79,Deposit
TRANS000390,ACC00199,1190,7379.83,Payment
TRANS000391,ACC00405,1483,13815.47,Transfer
TRANS000392,ACC00426,952,10518.23,Withdrawal
TRANS000393,ACC00154,1124,-2441.26,Payment
TRANS000394,ACC00492,621,1950.14,Deposit
TRANS000395,ACC00376,1197,3707.87,Payment
TRANS000396,ACC00384,1773,2919.23,Deposit
TRANS000397,ACC00142,162,8386.17,Payment
TRANS000398,ACC00313,1752,12837.86,Deposit
TRANS000399,ACC00165,776,1121.03,Transfer
TRANS000400,ACC00314,1287,6037.54,Withdrawal
TRANS000401,ACC00021,1828,10788.19,Deposit
TRANS000402,ACC00082,274,3324.36,Payment
TRANS000403,ACC00069,1027,-1637.64,Deposit
TRANS000404,ACC00131,1052,4499.02,Deposit
TRANS000405,ACC00087,326,-3895.55,Deposit
TRANS000406,ACC00218,940,13847.67,Payment
TRANS000407,ACC00421,1173,-3503.58,Withdrawal
TRANS000408,ACC00472,540,3769.13,Transfer
TRANS000409,ACC00305,488,5597.63,Withdrawal
TRANS000410,ACC00403,822,14706.08,Deposit
TRANS000411,ACC00371,1462,-1679.56,Payment
TRANS000412,ACC00345,1089,-2711.37,Withdrawal
TRANS000413,ACC00341,356,-4825.88,Deposit
TRANS000414,ACC00384,1557,-1888.57,Transfer
TRANS000415,ACC00396,1276,-854.54,Transfer
TRANS000416,ACC00445,235,7611.62,Transfer
TRANS000417,ACC00425,227,-605.86,Deposit
TRANS000418,ACC00161,1549,-4589.58,Payment
TRANS000419,ACC00178,1337,11532.37,Withdrawal
TRANS000420,ACC00117,49,2311.91,Transfer
TRANS000421,ACC00196,118,2073.93,Deposit
TRANS000422,ACC00383,54,1049.58,Deposit
TRANS000423,ACC00490,1674,14507.47,Withdrawal
TRANS000424,ACC00327,565,-1597.69,Transfer
TRANS000425,ACC00086,1068,12964.76,Deposit
TRANS000426,ACC00289,53,10536.07,Withdrawal
TRANS000427,ACC00081,1610,-3470.4,Payment
TRANS000428,ACC00152,558,14734.58,Payment
TRANS000429,ACC00061,1549,427.32,Payment
TRANS000430,ACC00061,1701,-3028.34,Transfer
TRANS000431,ACC00354,1126,11586.28,Withdrawal
TRANS000432,ACC00028,1816,9133.51,Withdrawal
TRANS000433,ACC00442,1794,7344.38,Deposit
TRANS000434,ACC00043,868,-1880.38,Deposit
TRANS000435,ACC00169,398,4569.92,Deposit
TRANS000436,ACC00423,1162,10611.12,Withdrawal
TRANS000437,ACC00086,675,1072.48,Deposit
TRANS000438,ACC00177,387,1233.8,Withdrawal
TRANS000439,ACC00017,111,-4937.18,Withdrawal
TRANS000440,ACC00098,614,-1515.13,Payment
TRANS000441,ACC00454,17,12508.11,Deposit
TRANS000442,ACC00494,1804,3834.93,Payment
TRANS000443,ACC00198,1206,14684.69,Transfer
TRANS000444,ACC00098,884,2914.16,Transfer
TRANS000445,ACC00065,1560,9303.73,Transfer
TRANS000446,ACC00330,541,638.38,Withdrawal
TRANS000447,ACC00341,171,2276.19,Withdrawal
TRANS000448,ACC00005,409,-1185.48,Withdrawal
TRANS000449,ACC00002,740,1941.25,Deposit
TRANS000450,ACC00022,1402,5944.75,Payment
TRANS000451,ACC00112,1212,14835.46,Withdrawal
TRANS000452,ACC00057,858,8284.03,Payment
TRANS000453,ACC00066,230,-1015.08,Payment
TRANS000454,ACC00330,119,-4100.77,Payment
TRANS000455,ACC00098,1180,-2472.87,Deposit
TRANS000456,ACC00144,784,6251.1,Deposit
TRANS000457,ACC00368,1711,10303.21,Transfer
TRANS000458,ACC00435,465,13808.38,Transfer
TRANS000459,ACC00125,104,-4683.54,Payment
TRANS000460,ACC00167,1628,5455.2,Transfer
TRANS000461,ACC00086,698,4417.35,Payment
TRANS000462,ACC00076,1819,8121.1,Deposit
TRANS000463,ACC00344,1526,6191.58,Deposit
TRANS000464,ACC00495,1717,8740.78,Deposit
TRANS000465,ACC00424,1706,8161.65,Withdrawal
TRANS000466,ACC00294,1723,-2659.77,Payment
TRANS000467,ACC00444,175,10994.36,Deposit
TRANS000468,ACC00059,1758,-2535.35,Payment
TRANS000469,ACC00138,745,8970.61,Transfer
TRANS000470,ACC00099,1698,3322.91,Transfer
TRANS000471,ACC00192,1445,5277.01,Deposit
TRANS000472,ACC00243,1158,13065.96,Payment
TRANS000473,ACC00319,1415,12797.67,Deposit
TRANS000474,ACC00049,1760,11357.13,Transfer
TRANS000475,ACC00448,1525,5202.97,Deposit
TRANS000476,ACC00032,665,9724.8,Payment
TRANS000477,ACC00391,33,5257.94,Transfer
TRANS000478,ACC00277,55,12392.12,Withdrawal
TRANS000479,ACC00020,519,3055.52,Transfer
TRANS000480,ACC00154,756,14404.71,Withdrawal
TRANS000481,ACC00383,1662,13646.46,Deposit
TRANS000482,ACC00068,12,9832.05,Deposit
TRANS000483,ACC00366,1552,588.32,Payment
TRANS000484,ACC00372,720,-2366.93,Withdrawal
TRANS000485,ACC00214,555,12094.07,Deposit
TRANS000486,ACC00143,373,-1693.95,Withdrawal
TRANS000487,ACC00376,484,12085.22,Deposit
TRANS000488,ACC00232,973,4815.3,Transfer
TRANS000489,ACC00213,1671,3131.14,Deposit
TRANS000490,ACC00079,1252,13063.82,Payment
TRANS000491,ACC00214,623,7077.02,Transfer
TRANS000492,ACC00116,307,6532.28,Payment
TRANS000493,ACC00092,457,6175.32,Transfer
TRANS000494,ACC00270,160,2423.39,Withdrawal
TRANS000495,ACC00411,331,10712.86,Payment
TRANS000496,ACC00381,776,55.97,Deposit
TRANS000497,ACC00489,225,13777.9,Withdrawal
TRANS000498,ACC00168,983,12879.7,Deposit
TRANS000499,ACC00058,729,1749.61,Transfer
TRANS000500,ACC00284,1528,9589.28,Transfer
TRANS000501,ACC00026,1480,6464.46,Deposit
TRANS000502,ACC00369,1069,1752.99,Deposit
TRANS000503,ACC00447,1238,14770.43,Withdrawal
TRANS000504,ACC00066,1083,-4495.25,Deposit
TRANS000505,ACC00409,644,52.92,Payment
TRANS000506,ACC00248,616,5401.48,Payment
TRANS000507,ACC00254,195,5439.06,Deposit
TRANS000508,ACC00387,489,6778.66,Payment
TRANS000509,ACC00456,157,10033.52,Deposit
TRANS000510,ACC00044,610,7469.56,Withdrawal
TRANS000511,ACC00097,1250,7005.63,Payment
TRANS000512,ACC00042,412,-3929.71,Payment
TRANS000513,ACC00500,1229,2530.61,Deposit
TRANS000514,ACC00227,1103,-358.89,Payment
TRANS000515,ACC00262,1148,307.4,Transfer
TRANS000516,ACC00167,471,6086.75,Withdrawal
TRANS000517,ACC00436,1242,-1009.89,Withdrawal
TRANS000518,ACC00279,516,878.98,Payment
TRANS000519,ACC00089,1626,-258.31,Payment
TRANS000520,ACC00379,1128,13970.06,Transfer
TRANS000521,ACC00178,393,13893.31,Transfer
TRANS000522,ACC00427,631,7198.83,Payment
TRANS000523,ACC00403,1669,13490.45,Payment
TRANS000524,ACC00197,608,10716.25,Transfer
TRANS000525,ACC00307,980,6798.96,Deposit
TRANS000526,ACC00267,434,-4871.3,Transfer
TRANS000527,ACC00268,1355,10450.33,Deposit
TRANS000528,ACC00074,1167,9049.77,Withdrawal
TRANS000529,ACC00008,1824,7305.07,Withdrawal
TRANS000530,ACC00408,540,10208.49,Transfer
TRANS000531,ACC00476,278,5258.44,Deposit
TRANS000532,ACC00297,233,9081.67,Transfer
TRANS000533,ACC00164,1553,13703.44,Transfer
TRANS000534,ACC00485,1595,2516.1,Deposit
TRANS000535,ACC00085,1114,9162.44,Transfer
TRANS000536,ACC00072,1516,4513.76,Withdrawal
TRANS000537,ACC00055,1223,8487.99,Payment
TRANS000538,ACC00393,362,10257.87,Payment
TRANS000539,ACC00047,1465,-4090.95,Transfer
TRANS000540,ACC00399,26,7932.01,Deposit
TRANS000541,ACC00432,1049,-465.18,Deposit
TRANS000542,ACC00238,1418,8400.65,Withdrawal
TRANS000543,ACC00104,507,4366.6,Deposit
TRANS000544,ACC00210,1325,10471.05,Deposit
TRANS000545,ACC00042,1363,-2531.98,Withdrawal
TRANS000546,ACC00316,267,7526.45,Transfer
TRANS000547,ACC00468,461,569.41,Payment
TRANS000548,ACC00454,1717,12059.64,Withdrawal
TRANS000549,ACC00268,456,13567.67,Transfer
TRANS000550,ACC00386,1384,14927.97,Withdrawal
TRANS000551,ACC00263,1092,10920.15,Transfer
TRANS000552,ACC00336,1007,10074.68,Withdrawal
TRANS000553,ACC00387,863,-689.98,Transfer
TRANS000554,ACC00365,1436,1720.14,Withdrawal
TRANS000555,ACC00259,491,4313.65,Transfer
TRANS000556,ACC00283,1073,10467.62,Withdrawal
TRANS000557,ACC00114,1711,13299.32,Payment
TRANS000558,ACC00363,564,-1217.22,Payment
TRANS000559,ACC00040,1126,13447.35,Deposit
TRANS000560,ACC00486,216,8912.49,Transfer
TRANS000561,ACC00417,1462,7215.41,Withdrawal
TRANS000562,ACC00220,1724,-1003.17,Transfer
TRANS000563,ACC00129,1593,-3889.5,Payment
TRANS000564,ACC00008,559,6369.3,Transfer
TRANS000565,ACC00101,159,8030.31,Withdrawal
TRANS000566,ACC00416,489,-784.37,Transfer
TRANS000567,ACC00380,686,6129.12,Withdrawal
TRANS000568,ACC00176,1266,12129.87,Payment
TRANS000569,ACC00107,794,11701.32,Payment
TRANS000570,ACC00101,1777,13547.1,Payment
TRANS000571,ACC00260,5,2317.72,Deposit
TRANS000572,ACC00478,1620,1360.99,Payment
TRANS000573,ACC00454,361,9988.52,Transfer
TRANS000574,ACC00366,459,3622.25,Deposit
TRANS000575,ACC00246,248,-3249.03,Payment
TRANS000576,ACC00275,1590,656.02,Transfer
TRANS000577,ACC00032,1697,3371.65,Transfer
TRANS000578,ACC00137,946,850.33,Transfer
TRANS000579,ACC00012,422,1644.11,Withdrawal
TRANS000580,ACC00395,1762,875.52,Deposit
TRANS000581,ACC00302,15,-4170.02,Transfer
TRANS000582,ACC00375,736,7741.89,Withdrawal
TRANS000583,ACC00016,1597,6945.85,Payment
TRANS000584,ACC00129,1146,8067.67,Transfer
TRANS000585,ACC00063,277,-1153.8,Withdrawal
TRANS000586,ACC00109,1582,913.09,Transfer
TRANS000587,ACC00375,453,7392.32,Deposit
TRANS000588,ACC00021,1414,6992.55,Deposit
TRANS000589,ACC00158,1318,5126.61,Payment
TRANS000590,ACC00269,1598,2008.27,Transfer
TRANS000591,ACC00162,598,13258.62,Withdrawal
TRANS000592,ACC00260,446,1795.4,Payment
TRANS000593,ACC00412,210,4112.38,Transfer
TRANS000594,ACC00102,1614,8562.28,Payment
TRANS000595,ACC00223,714,5860.43,Withdrawal
TRANS000596,ACC00059,302,1937.72,Payment
TRANS000597,ACC00247,1247,3712.9,Payment
TRANS000598,ACC00128,1758,10889.62,Payment
TRANS000599,ACC00283,3,562.58,Transfer
TRANS000600,ACC00325,990,-2154.9,Withdrawal
TRANS000601,ACC00025,1542,1263.26,Deposit
TRANS000602,ACC00131,1117,11990.68,Transfer
TRANS000603,ACC00353,520,-3220.21,Deposit
TRANS000604,ACC00196,1452,14833.92,Deposit
TRANS000605,ACC00281,493,5820.06,Transfer
TRANS000606,ACC00404,1259,14696.91,Transfer
TRANS000607,ACC00418,620,13779.93,Withdrawal
TRANS000608,ACC00154,1185,4056.27,Withdrawal
TRANS000609,ACC00382,1745,-1030.18,Payment
TRANS000610,ACC00133,1776,-1702.3,Deposit
TRANS000611,ACC00227,331,-200.21,Withdrawal
TRANS000612,ACC00189,333,9202.65,Payment
TRANS000613,ACC00476,50,459.0,Withdrawal
TRANS000614,ACC00477,1547,1828.51,Transfer
TRANS000615,ACC00265,863,3975.58,Withdrawal
TRANS000616,ACC00372,1692,13264.65,Deposit
TRANS000617,ACC00486,1516,-1212.13,Withdrawal
TRANS000618,ACC00434,1606,-4899.47,Deposit
TRANS000619,ACC00134,1705,-3798.07,Transfer
TRANS000620,ACC00211,272,13095.33,Deposit
TRANS000621,ACC00060,580,7950.33,Withdrawal
TRANS000622,ACC00428,1276,460.81,Payment
TRANS000623,ACC00377,560,-1456.15,Transfer
TRANS000624,ACC00395,696,885.33,Withdrawal
TRANS000625,ACC00450,1723,-2704.06,Transfer
TRANS000626,ACC00431,1114,13830.66,Transfer
TRANS000627,ACC00364,446,10684.12,Withdrawal
TRANS000628,ACC00364,1017,4247.82,Withdrawal
TRANS000629,ACC00457,1356,12299.25,Payment
TRANS000630,ACC00213,1163,-10.84,Transfer
TRANS000631,ACC00216,357,9342.41,Transfer
TRANS000632,ACC00226,1625,12122.65,Withdrawal
TRANS000633,ACC00470,274,2135.37,Deposit
TRANS000634,ACC00131,1043,10149.29,Withdrawal
TRANS000635,ACC00076,311,901.45,Transfer
TRANS000636,ACC00476,870,977.14,Withdrawal
TRANS000637,ACC00286,886,-2858.86,Payment
TRANS000638,ACC00474,154,3801.16,Deposit
TRANS000639,ACC00496,1414,9594.24,Withdrawal
TRANS000640,ACC00277,1284,13804.42,Payment
TRANS000641,ACC00156,620,7075.94,Transfer
TRANS000642,ACC00248,883,12262.71,Withdrawal
TRANS000643,ACC00218,797,11449.89,Transfer
TRANS000644,ACC00190,1595,-1533.14,Payment
TRANS000645,ACC00417,125,4716.35,Transfer
TRANS000646,ACC00469,1378,-2661.53,Payment
TRANS000647,ACC00163,1297,8643.06,Payment
TRANS000648,ACC00180,619,13997.99,Payment
TRANS000649,ACC00034,245,-2258.21,Withdrawal
TRANS000650,ACC00041,848,9677.66,Transfer
TRANS000651,ACC00307,450,7644.76,Transfer
TRANS000652,ACC00431,930,6672.1,Deposit
TRANS000653,ACC00338,1271,2802.4,Deposit
TRANS000654,ACC00314,520,2102.63,Deposit
TRANS000655,ACC00075,1165,-4095.02,Deposit
TRANS000656,ACC00441,362,-641.83,Transfer
TRANS000657,ACC00279,8,-4696.46,Payment
TRANS000658,ACC00176,478,6628.34,Payment
TRANS000659,ACC00384,1376,-2882.94,Withdrawal
TRANS000660,ACC00150,495,12460.39,Payment
TRANS000661,ACC00273,1630,5462.86,Transfer
TRANS000662,ACC00325,833,8993.8,Transfer
TRANS000663,ACC00108,1451,3217.14,Transfer
TRANS000664,ACC00139,1063,6211.6,Withdrawal
TRANS000665,ACC00350,593,13853.18,Deposit
TRANS000666,ACC00271,187,-3345.32,Payment
TRANS000667,ACC00347,1620,78.76,Transfer
TRANS000668,ACC00419,1624,10599.77,Transfer
TRANS000669,ACC00289,754,-3025.26,Deposit
TRANS000670,ACC00212,93,-3486.78,Transfer
TRANS000671,ACC00381,86,2230.83,Payment
TRANS000672,ACC00272,1068,-3156.64,Withdrawal
TRANS000673,ACC00418,137,6701.57,Transfer
TRANS000674,ACC00066,421,-474.49,Payment
TRANS000675,ACC00483,74,12913.96,Transfer
TRANS000676,ACC00424,1572,10670.0,Deposit
TRANS000677,ACC00248,1637,8994.1,Transfer
TRANS000678,ACC00156,1536,7338.88,Transfer
TRANS000679,ACC00047,1180,12269.31,Withdrawal
TRANS000680,ACC00423,1279,-538.76,Deposit
TRANS000681,ACC00454,171,12462.18,Deposit
TRANS000682,ACC00201,1752,10789.85,Withdrawal
TRANS000683,ACC00148,170,9963.22,Transfer
TRANS000684,ACC00124,1788,6225.11,Payment
TRANS000685,ACC00001,872,-75.12,Deposit
TRANS000686,ACC00456,322,3470.96,Deposit
TRANS000687,ACC00247,1591,10871.41,Transfer
TRANS000688,ACC00343,456,-4364.43,Transfer
TRANS000689,ACC00128,944,10641.02,Deposit
TRANS000690,ACC00191,1627,-198.59,Transfer
TRANS000691,ACC00067,790,-2113.82,Payment
TRANS000692,ACC00004,613,-2685.97,Deposit
TRANS000693,ACC00442,1179,-4455.0,Payment
TRANS000694,ACC00409,889,5471.73,Payment
TRANS000695,ACC00303,349,-634.8,Transfer
TRANS000696,ACC00294,1475,14788.64,Payment
TRANS000697,ACC00143,1677,6488.74,Transfer
TRANS000698,ACC00191,1197,-2242.29,Withdrawal
TRANS000699,ACC00021,10,8775.25,Transfer
TRANS000700,ACC00227,740,12954.87,Payment
TRANS000701,ACC00313,1289,9903.59,Withdrawal
TRANS000702,ACC00117,1462,-3471.2,Transfer
TRANS000703,ACC00437,1784,12917.68,Payment
TRANS000704,ACC00302,1271,10878.59,Deposit
TRANS000705,ACC00500,667,-1833.92,Deposit
TRANS000706,ACC00142,546,-3964.28,Transfer
TRANS000707,ACC00484,1523,6146.21,Transfer
TRANS000708,ACC00460,129,-1879.28,Deposit
TRANS000709,ACC00401,1696,11691.82,Payment
TRANS000710,ACC00039,601,2166.69,Payment
TRANS000711,ACC00393,605,13257.85,Payment
TRANS000712,ACC00355,327,6313.76,Transfer
TRANS000713,ACC00252,1777,-1346.55,Withdrawal
TRANS000714,ACC00333,980,-2208.02,Withdrawal
TRANS000715,ACC00207,404,6529.45,Withdrawal
TRANS000716,ACC00210,629,10237.67,Withdrawal
TRANS000717,ACC00115,1630,10630.11,Withdrawal
TRANS000718,ACC00225,1699,515.15,Transfer
TRANS000719,ACC00134,1635,-915.06,Transfer
TRANS000720,ACC00251,1649,-4664.87,Withdrawal
TRANS000721,ACC00219,1383,8583.98,Transfer
TRANS000722,ACC00407,1627,-3468.63,Transfer
TRANS000723,ACC00443,718,3415.22,Withdrawal
TRANS000724,ACC00091,1041,7033.64,Payment
TRANS000725,ACC00354,274,13742.18,Transfer
TRANS000726,ACC00376,685,1236.04,Payment
TRANS000727,ACC00046,116,-4.56,Transfer
TRANS000728,ACC00038,861,8083.2,Transfer
TRANS000729,ACC00142,693,7384.78,Withdrawal
TRANS000730,ACC00100,1115,1642.2,Transfer
TRANS000731,ACC00328,1106,13562.04,Deposit
TRANS000732,ACC00190,324,11897.25,Deposit
TRANS000733,ACC00035,961,-520.35,Withdrawal
TRANS000734,ACC00147,114,-217.15,Payment
TRANS000735,ACC00030,1793,5246.01,Payment
TRANS000736,ACC00334,1082,10471.44,Payment
TRANS000737,ACC00084,154,-4119.19,Deposit
TRANS000738,ACC00369,1428,8866.7,Payment
TRANS000739,ACC00281,1652,7964.72,Payment
TRANS000740,ACC00424,1290,-370.4,Withdrawal
TRANS000741,ACC00344,315,8627.06,Payment
TRANS000742,ACC00270,1739,13803.66,Deposit
TRANS000743,ACC00154,1065,-4064.28,Deposit
TRANS000744,ACC00102,105,1393.04,Deposit
TRANS000745,ACC00215,1217,3763.53,Withdrawal
TRANS000746,ACC00150,1425,12985.21,Withdrawal
TRANS000747,ACC00432,1302,14245.23,Transfer
TRANS000748,ACC00083,354,3882.3,Payment
TRANS000749,ACC00110,1016,10000.57,Withdrawal
TRANS000750,ACC00435,1773,5633.22,Deposit
TRANS000751,ACC00387,733,5755.66,Deposit
TRANS000752,ACC00426,1604,561.99,Withdrawal
TRANS000753,ACC00275,709,-660.88,Withdrawal
TRANS000754,ACC00201,1280,760.11,Withdrawal
TRANS000755,ACC00284,651,6126.56,Transfer
TRANS000756,ACC00468,824,-4416.9,Deposit
TRANS000757,ACC00173,947,13144.98,Transfer
TRANS000758,ACC00327,661,-1874.33,Transfer
TRANS000759,ACC00206,99,-598.23,Payment
TRANS000760,ACC00063,588,5365.52,Deposit
TRANS000761,ACC00073,282,9202.3,Deposit
TRANS000762,ACC00251,403,-3085.42,Withdrawal
TRANS000763,ACC00124,1133,1353.89,Withdrawal
TRANS000764,ACC00375,700,14373.49,Payment
TRANS000765,ACC00121,199,246.86,Transfer
TRANS000766,ACC00275,1327,1261.0,Withdrawal
TRANS000767,ACC00431,327,11729.97,Withdrawal
TRANS000768,ACC00500,154,-3995.71,Deposit
TRANS000769,ACC00398,552,4292.26,Deposit
TRANS000770,ACC00120,1669,2592.34,Withdrawal
TRANS000771,ACC00422,405,1331.74,Deposit
TRANS000772,ACC00437,462,713.99,Payment
TRANS000773,ACC00317,132,-3172.52,Withdrawal
TRANS000774,ACC00164,791,1296.52,Deposit
TRANS000775,ACC00424,874,-4138.95,Payment
TRANS000776,ACC00465,84,10619.28,Deposit
TRANS000777,ACC00286,1423,2964.56,Deposit
TRANS000778,ACC00265,754,3878.08,Deposit
TRANS000779,ACC00320,628,12871.89,Withdrawal
TRANS000780,ACC00161,1133,8161.1,Transfer
TRANS000781,ACC00376,221,-4838.82,Deposit
TRANS000782,ACC00308,553,13863.5,Payment
TRANS000783,ACC00089,1392,-257.11,Withdrawal
TRANS000784,ACC00142,1171,-2847.72,Withdrawal
TRANS000785,ACC00203,112,10362.56,Payment
TRANS000786,ACC00309,615,5009.55,Deposit
TRANS000787,ACC00227,1582,3675.41,Transfer
TRANS000788,ACC00489,924,-9.94,Deposit
TRANS000789,ACC00443,1518,5949.43,Payment
TRANS000790,ACC00334,1529,487.69,Withdrawal
TRANS000791,ACC00222,475,13031.66,Transfer
TRANS000792,ACC00041,836,-695.91,Withdrawal
TRANS000793,ACC00196,271,12687.1,Payment
TRANS000794,ACC00068,421,6188.11,Deposit
TRANS000795,ACC00476,707,11569.76,Transfer
TRANS000796,ACC00264,1391,9256.92,Withdrawal
TRANS000797,ACC00002,1304,8933.9,Withdrawal
TRANS000798,ACC00361,1307,1486.92,Withdrawal
TRANS000799,ACC00125,40,-322.06,Deposit
TRANS000800,ACC00110,189,-782.28,Transfer
TRANS000801,ACC00086,1188,12143.83,Deposit
TRANS000802,ACC00425,994,11408.54,Deposit
TRANS000803,ACC00120,1560,3811.47,Deposit
TRANS000804,ACC00127,536,-2351.91,Payment
TRANS000805,ACC00255,1028,2645.05,Payment
TRANS000806,ACC00183,290,7386.87,Payment
TRANS000807,ACC00016,433,4088.06,Transfer
TRANS000808,ACC00477,471,10603.79,Deposit
TRANS000809,ACC00062,1205,14952.46,Deposit
TRANS000810,ACC00369,1272,-1177.36,Payment
TRANS000811,ACC00432,628,4193.02,Deposit
TRANS000812,ACC00158,279,3619.68,Deposit
TRANS000813,ACC00268,877,1089.85,Withdrawal
TRANS000814,ACC00035,581,-1038.09,Deposit
TRANS000815,ACC00267,863,-3686.16,Withdrawal
TRANS000816,ACC00064,254,12742.39,Deposit
TRANS000817,ACC00494,181,3396.97,Transfer
TRANS000818,ACC00050,681,4937.91,Payment
TRANS000819,ACC00469,825,13338.84,Withdrawal
TRANS000820,ACC00255,1533,10525.81,Payment
TRANS000821,ACC00149,1785,-2389.97,Withdrawal
TRANS000822,ACC00325,700,6308.4,Withdrawal
TRANS000823,ACC00304,566,3845.05,Withdrawal
TRANS000824,ACC00276,1350,10944.22,Transfer
TRANS000825,ACC00357,1381,9484.65,Deposit
TRANS000826,ACC00451,1674,8808.11,Withdrawal
TRANS000827,ACC00172,680,1810.9,Transfer
TRANS000828,ACC00417,391,11099.27,Withdrawal
TRANS000829,ACC00201,1639,-3952.17,Deposit
TRANS000830,ACC00445,1109,-1807.5,Withdrawal
TRANS000831,ACC00393,1341,1712.47,Transfer
TRANS000832,ACC00324,212,-3463.85,Deposit
TRANS000833,ACC00035,1539,-300.11,Transfer
TRANS000834,ACC00465,384,11603.02,Deposit
TRANS000835,ACC00482,1715,13965.03,Deposit
TRANS000836,ACC00216,342,1092.05,Payment
TRANS000837,ACC00480,844,290.32,Payment
TRANS000838,ACC00065,1062,597.85,Payment
TRANS000839,ACC00008,1535,554.38,Deposit
TRANS000840,ACC00301,420,-4281.4,Withdrawal
TRANS000841,ACC00343,751,13538.33,Transfer
TRANS000842,ACC00431,1193,-726.04,Transfer
TRANS000843,ACC00424,1367,3400.08,Transfer
TRANS000844,ACC00332,306,-4806.26,Payment
TRANS000845,ACC00438,1566,12159.1,Deposit
TRANS000846,ACC00076,702,9623.15,Payment
TRANS000847,ACC00174,869,13935.12,Withdrawal
TRANS000848,ACC00047,537,10632.31,Deposit
TRANS000849,ACC00015,1136,1274.13,Transfer
TRANS000850,ACC00361,1435,-42.53,Payment
TRANS000851,ACC00147,206,8954.33,Payment
TRANS000852,ACC00026,1209,2282.26,Withdrawal
TRANS000853,ACC00308,1406,6324.3,Withdrawal
TRANS000854,ACC00093,496,-4874.85,Payment
TRANS000855,ACC00406,1403,-3762.29,Withdrawal
TRANS000856,ACC00232,1071,5707.36,Transfer
TRANS000857,ACC00021,1764,6321.43,Withdrawal
TRANS000858,ACC00307,1575,10029.06,Withdrawal
TRANS000859,ACC00038,1552,-2360.69,Payment
TRANS000860,ACC00276,504,5263.66,Payment
TRANS000861,ACC00157,1046,-1111.05,Deposit
TRANS000862,ACC00179,213,-3136.08,Deposit
TRANS000863,ACC00132,310,3209.92,Payment
TRANS000864,ACC00311,661,-1733.27,Withdrawal
TRANS000865,ACC00455,753,-564.36,Withdrawal
TRANS000866,ACC00348,272,1351.09,Deposit
TRANS000867,ACC00028,1595,187.77,Deposit
TRANS000868,ACC00260,1823,-3248.17,Deposit
TRANS000869,ACC00406,938,-3201.68,Transfer
TRANS000870,ACC00076,1226,-1135.01,Transfer
TRANS000871,ACC00429,32,-3988.82,Deposit
TRANS000872,ACC00067,443,7529.14,Withdrawal
TRANS000873,ACC00342,162,746.53,Deposit
TRANS000874,ACC00492,767,594.92,Transfer
TRANS000875,ACC00194,254,1639.97,Withdrawal
TRANS000876,ACC00472,521,8255.93,Transfer
TRANS000877,ACC00162,977,12412.68,Withdrawal
TRANS000878,ACC00347,1675,10181.74,Transfer
TRANS000879,ACC00439,1504,9550.58,Withdrawal
TRANS000880,ACC00361,10,4687.82,Withdrawal
TRANS000881,ACC00257,726,8876.11,Withdrawal
TRANS000882,ACC00072,505,6055.25,Withdrawal
TRANS000883,ACC00087,785,-674.99,Payment
TRANS000884,ACC00422,1584,-828.23,Transfer
TRANS000885,ACC00262,436,927.84,Transfer
TRANS000886,ACC00214,1135,13216.05,Payment
TRANS000887,ACC00153,153,5948.3,Withdrawal
TRANS000888,ACC00210,1659,9678.11,Withdrawal
TRANS000889,ACC00401,917,1931.18,Transfer
TRANS000890,ACC00061,869,3154.32,Payment
TRANS000891,ACC00268,1126,-2488.69,Withdrawal
TRANS000892,ACC00262,753,-1574.1,Withdrawal
TRANS000893,ACC00218,1215,11547.13,Withdrawal
TRANS000894,ACC00283,1753,6696.77,Deposit
TRANS000895,ACC00136,563,1750.65,Payment
TRANS000896,ACC00467,1828,11057.02,Withdrawal
TRANS000897,ACC00380,1105,-69.6,Deposit
TRANS000898,ACC00362,489,14520.65,Payment
TRANS000899,ACC00449,895,1896.35,Withdrawal
TRANS000900,ACC00441,1112,1746.22,Transfer
TRANS000901,ACC00093,1218,1238.24,Deposit
TRANS000902,ACC00109,104,-2557.77,Deposit
TRANS000903,ACC00241,1807,-2777.26,Withdrawal
TRANS000904,ACC00355,1120,7962.1,Withdrawal
TRANS000905,ACC00424,1447,12502.36,Deposit
TRANS000906,ACC00142,1222,10810.41,Transfer
TRANS000907,ACC00291,1025,-2177.85,Transfer
TRANS000908,ACC00432,1007,5911.64,Payment
TRANS000909,ACC00237,407,-2888.17,Withdrawal
TRANS000910,ACC00340,1402,-4094.11,Transfer
TRANS000911,ACC00312,167,8127.72,Payment
TRANS000912,ACC00177,509,5703.05,Transfer
TRANS000913,ACC00141,1662,-3359.53,Withdrawal
TRANS000914,ACC00189,313,-4301.22,Payment
TRANS000915,ACC00486,1617,14795.13,Payment
TRANS000916,ACC00049,1442,-4399.57,Payment
TRANS000917,ACC00302,763,3890.57,Transfer
TRANS000918,ACC00369,681,5092.38,Withdrawal
TRANS000919,ACC00190,477,-2654.4,Payment
TRANS000920,ACC00136,73,-1618.76,Deposit
TRANS000921,ACC00043,1165,2036.1,Withdrawal
TRANS000922,ACC00404,582,10233.52,Deposit
TRANS000923,ACC00380,262,5141.65,Deposit
TRANS000924,ACC00353,1364,7758.04,Payment
TRANS000925,ACC00090,1332,14703.49,Payment
TRANS000926,ACC00295,245,10360.11,Transfer
TRANS000927,ACC00341,1539,3687.23,Transfer
TRANS000928,ACC00245,1361,3928.84,Transfer
TRANS000929,ACC00433,1599,7375.44,Withdrawal
TRANS000930,ACC00192,561,8307.3,Transfer
TRANS000931,ACC00318,1100,5014.22,Deposit
TRANS000932,ACC00106,175,7897.22,Transfer
TRANS000933,ACC00363,109,-4529.35,Payment
TRANS000934,ACC00310,183,3592.46,Transfer
TRANS000935,ACC00382,192,578.76,Withdrawal
TRANS000936,ACC00233,65,-2416.51,Withdrawal
TRANS000937,ACC00265,963,-3009.07,Deposit
TRANS000938,ACC00344,1498,7063.84,Withdrawal
TRANS000939,ACC00037,1807,5472.01,Transfer
TRANS000940,ACC00305,1124,71.68,Payment
TRANS000941,ACC00041,1568,4419.0,Withdrawal
TRANS000942,ACC00017,864,4844.65,Deposit
TRANS000943,ACC00344,1152,-1099.82,Transfer
TRANS000944,ACC00277,1476,8041.86,Deposit
TRANS000945,ACC00307,369,10618.39,Withdrawal
TRANS000946,ACC00059,851,10829.27,Withdrawal
TRANS000947,ACC00423,43,7049.4,Deposit
TRANS000948,ACC00183,1443,5232.77,Transfer
TRANS000949,ACC00041,488,-3779.86,Withdrawal
TRANS000950,ACC00039,78,756.63,Payment
TRANS000951,ACC00397,826,-3134.57,Withdrawal
TRANS000952,ACC00192,1825,14276.46,Transfer
TRANS000953,ACC00267,1294,-2298.4,Withdrawal
TRANS000954,ACC00494,674,-1964.49,Deposit
TRANS000955,ACC00147,701,12791.53,Withdrawal
TRANS000956,ACC00395,759,13878.57,Withdrawal
TRANS000957,ACC00333,728,10316.58,Transfer
TRANS000958,ACC00127,1339,-4891.9,Deposit
TRANS000959,ACC00046,925,-4973.07,Transfer
TRANS000960,ACC00045,902,2562.02,Withdrawal
TRANS000961,ACC00001,889,-2132.09,Payment
TRANS000962,ACC00168,993,-4632.28,Withdrawal
TRANS000963,ACC00108,1192,4281.33,Transfer
TRANS000964,ACC00019,339,13861.24,Payment
TRANS000965,ACC00332,193,1476.39,Transfer
TRANS000966,ACC00072,1477,8222.81,Transfer
TRANS000967,ACC00456,283,8044.71,Deposit
TRANS000968,ACC00445,1360,21.6,Payment
TRANS000969,ACC00109,390,8008.5,Withdrawal
TRANS000970,ACC00268,1000,-753.32,Transfer
TRANS000971,ACC00445,525,-2559.85,Withdrawal
TRANS000972,ACC00240,1264,9027.67,Deposit
TRANS000973,ACC00417,1507,-2731.18,Deposit
TRANS000974,ACC00301,659,14938.18,Payment
TRANS000975,ACC00090,716,-1330.95,Deposit
TRANS000976,ACC00103,1616,6882.84,Deposit
TRANS000977,ACC00476,891,3227.49,Withdrawal
TRANS000978,ACC00250,1579,-2472.27,Deposit
TRANS000979,ACC00453,1482,-4443.12,Deposit
TRANS000980,ACC00008,1113,7454.65,Transfer
TRANS000981,ACC00153,1684,11135.15,Deposit
TRANS000982,ACC00347,1119,11840.31,Transfer
TRANS000983,ACC00174,452,4654.27,Deposit
TRANS000984,ACC00343,428,10549.11,Deposit
TRANS000985,ACC00158,1175,8456.94,Payment
TRANS000986,ACC00493,1538,9485.09,Payment
TRANS000987,ACC00431,1400,4851.98,Transfer
TRANS000988,ACC00215,1046,7668.23,Deposit
TRANS000989,ACC00177,883,11110.52,Withdrawal
TRANS000990,ACC00175,313,2957.68,Payment
TRANS000991,ACC00340,840,11119.58,Withdrawal
TRANS000992,ACC00338,519,6840.34,Payment
TRANS000993,ACC00146,1230,-1681.98,Payment
TRANS000994,ACC00450,375,-4506.32,Deposit
TRANS000995,ACC00324,451,2255.07,Payment
TRANS000996,ACC00478,1650,5933.93,Withdrawal
TRANS000997,ACC00161,1808,11796.41,Payment
TRANS000998,ACC00127,1015,-2450.29,Transfer
TRANS000999,ACC00420,595,11004.13,Deposit
TRANS001000,ACC00082,1203,12260.18,Deposit
TRANS001001,ACC00485,1234,-1986.25,Transfer
TRANS001002,ACC00147,500,12031.89,Transfer
TRANS001003,ACC00239,464,14829.07,Transfer
TRANS001004,ACC00412,1148,9536.78,Payment
TRANS001005,ACC00424,113,10695.39,Deposit
TRANS001006,ACC00084,1036,14888.31,Transfer
TRANS001007,ACC00113,1150,7109.63,Payment
TRANS001008,ACC00225,1589,1157.73,Transfer
TRANS001009,ACC00332,331,11750.62,Withdrawal
TRANS001010,ACC00378,1307,7289.72,Withdrawal
TRANS001011,ACC00243,140,6623.91,Deposit
TRANS001012,ACC00143,1425,72.71,Payment
TRANS001013,ACC00041,902,10126.69,Withdrawal
TRANS001014,ACC00423,1121,-3366.65,Withdrawal
TRANS001015,ACC00258,517,13485.74,Payment
TRANS001016,ACC00447,569,1516.47,Transfer
TRANS001017,ACC00285,846,-2444.51,Payment
TRANS001018,ACC00105,1093,3847.33,Transfer
TRANS001019,ACC00202,118,-4150.6,Withdrawal
TRANS001020,ACC00450,888,8692.52,Withdrawal
TRANS001021,ACC00307,1083,13054.11,Withdrawal
TRANS001022,ACC00331,1057,11745.26,Deposit
TRANS001023,ACC00461,1342,-2452.61,Deposit
TRANS001024,ACC00266,50,-2474.58,Deposit
TRANS001025,ACC00398,1513,11268.69,Payment
TRANS001026,ACC00210,19,13485.09,Withdrawal
TRANS001027,ACC00051,726,4213.4,Withdrawal
TRANS001028,ACC00118,197,4979.42,Payment
TRANS001029,ACC00201,1474,1365.24,Deposit
TRANS001030,ACC00377,559,12885.3,Payment
TRANS001031,ACC00039,1703,7898.06,Deposit
TRANS001032,ACC00028,452,765.03,Withdrawal
TRANS001033,ACC00259,289,975.66,Transfer
TRANS001034,ACC00084,1165,12824.0,Deposit
TRANS001035,ACC00454,1108,-4727.32,Withdrawal
TRANS001036,ACC00155,1718,1454.53,Withdrawal
TRANS001037,ACC00117,391,6087.13,Transfer
TRANS001038,ACC00002,1615,-2035.65,Withdrawal
TRANS001039,ACC00093,215,-3158.02,Withdrawal
TRANS001040,ACC00166,1550,11305.53,Deposit
TRANS001041,ACC00387,215,12888.09,Deposit
TRANS001042,ACC00400,1427,11472.13,Transfer
TRANS001043,ACC00350,128,12975.76,Transfer
TRANS001044,ACC00296,1501,6062.24,Withdrawal
TRANS001045,ACC00258,760,11245.16,Deposit
TRANS001046,ACC00081,404,2680.85,Transfer
TRANS001047,ACC00425,1053,8325.36,Transfer
TRANS001048,ACC00268,1816,14776.71,Payment
TRANS001049,ACC00419,338,-485.45,Transfer
TRANS001050,ACC00235,831,2797.99,Withdrawal
TRANS001051,ACC00321,714,4600.95,Deposit
TRANS001052,ACC00311,361,-2239.69,Transfer
TRANS001053,ACC00301,569,-3379.23,Payment
TRANS001054,ACC00463,1416,11594.46,Deposit
TRANS001055,ACC00474,218,14535.89,Transfer
TRANS001056,ACC00357,1598,3094.5,Payment
TRANS001057,ACC00213,1693,-3247.0,Transfer
TRANS001058,ACC00062,202,-3683.76,Deposit
TRANS001059,ACC00049,17,12826.36,Deposit
TRANS001060,ACC00127,322,4276.28,Deposit
TRANS001061,ACC00223,518,1400.55,Withdrawal
TRANS001062,ACC00409,1594,4529.23,Transfer
TRANS001063,ACC00279,1349,1366.08,Withdrawal
TRANS001064,ACC00408,1436,4780.72,Deposit
TRANS001065,ACC00294,1342,12191.13,Payment
TRANS001066,ACC00284,681,6846.03,Transfer
TRANS001067,ACC00277,1106,8893.08,Withdrawal
TRANS001068,ACC00438,1498,2293.41,Transfer
TRANS001069,ACC00107,1492,9770.12,Payment
TRANS001070,ACC00146,425,8332.34,Withdrawal
TRANS001071,ACC00420,1755,-2608.76,Deposit
TRANS001072,ACC00099,1713,6452.86,Withdrawal
TRANS001073,ACC00429,1228,134.87,Transfer
TRANS001074,ACC00375,1607,11081.91,Transfer
TRANS001075,ACC00073,1019,3518.75,Transfer
TRANS001076,ACC00437,387,14893.68,Transfer
TRANS001077,ACC00486,778,-3149.99,Deposit
TRANS001078,ACC00122,98,10606.96,Withdrawal
TRANS001079,ACC00030,1369,8474.03,Deposit
TRANS001080,ACC00188,1827,10349.98,Deposit
TRANS001081,ACC00364,208,1150.6,Deposit
TRANS001082,ACC00354,1538,4841.09,Transfer
TRANS001083,ACC00288,1660,10930.17,Transfer
TRANS001084,ACC00451,1816,-349.17,Transfer
TRANS001085,ACC00195,586,-479.34,Withdrawal
TRANS001086,ACC00156,166,6021.02,Payment
TRANS001087,ACC00172,22,5471.27,Transfer
TRANS001088,ACC00335,154,645.25,Withdrawal
TRANS001089,ACC00041,1463,961.51,Transfer
TRANS001090,ACC00063,1319,556.9,Transfer
TRANS001091,ACC00023,219,10430.24,Deposit
TRANS001092,ACC00360,669,8038.02,Deposit
TRANS001093,ACC00075,1519,11648.34,Deposit
TRANS001094,ACC00048,230,14509.46,Withdrawal
TRANS001095,ACC00160,20,4483.29,Payment
TRANS001096,ACC00313,553,-3666.12,Payment
TRANS001097,ACC00118,950,-4038.15,Withdrawal
TRANS001098,ACC00100,148,913.3,Transfer
TRANS001099,ACC00380,1132,13650.89,Withdrawal
TRANS001100,ACC00417,403,5464.26,Transfer
TRANS001101,ACC00408,596,435.73,Withdrawal
TRANS001102,ACC00167,1507,2983.34,Withdrawal
TRANS001103,ACC00290,367,6971.9,Withdrawal
TRANS001104,ACC00440,1438,8058.99,Payment
TRANS001105,ACC00156,1333,-1921.61,Deposit
TRANS001106,ACC00421,802,14540.63,Withdrawal
TRANS001107,ACC00007,918,5895.44,Payment
TRANS001108,ACC00196,1158,-2286.23,Deposit
TRANS001109,ACC00421,1743,12872.71,Deposit
TRANS001110,ACC00056,1307,-3507.23,Withdrawal
TRANS001111,ACC00321,1802,13154.71,Transfer
TRANS001112,ACC00193,73,14931.31,Transfer
TRANS001113,ACC00047,481,9008.64,Transfer
TRANS001114,ACC00148,1376,10408.94,Withdrawal
TRANS001115,ACC00275,560,1746.06,Transfer
TRANS001116,ACC00157,1350,13831.54,Payment
TRANS001117,ACC00202,745,5594.28,Payment
TRANS001118,ACC00444,1467,9647.77,Payment
TRANS001119,ACC00402,100,13482.15,Payment
TRANS001120,ACC00476,1083,14503.6,Deposit
TRANS001121,ACC00419,508,11664.09,Payment
TRANS001122,ACC00427,258,1060.35,Transfer
TRANS001123,ACC00495,413,14330.95,Withdrawal
TRANS001124,ACC00479,1476,7562.39,Transfer
TRANS001125,ACC00475,1089,13612.85,Payment
TRANS001126,ACC00126,595,8522.1,Deposit
TRANS001127,ACC00395,1178,1144.78,Payment
TRANS001128,ACC00305,266,2400.49,Withdrawal
TRANS001129,ACC00369,821,6009.44,Transfer
TRANS001130,ACC00294,1103,10800.3,Withdrawal
TRANS001131,ACC00064,1339,1359.65,Withdrawal
TRANS001132,ACC00325,662,6594.62,Withdrawal
TRANS001133,ACC00392,947,1912.5,Transfer
TRANS001134,ACC00418,560,11315.39,Payment
TRANS001135,ACC00176,917,4334.56,Withdrawal
TRANS001136,ACC00116,891,-3465.54,Transfer
TRANS001137,ACC00440,1272,-1678.95,Deposit
TRANS001138,ACC00204,1814,-3777.91,Transfer
TRANS001139,ACC00486,868,4986.06,Deposit
TRANS001140,ACC00321,610,-2873.25,Transfer
TRANS001141,ACC00031,414,-2717.2,Payment
TRANS001142,ACC00388,25,13820.97,Withdrawal
TRANS001143,ACC00113,284,12453.1,Payment
TRANS001144,ACC00365,1473,4041.73,Transfer
TRANS001145,ACC00434,881,14716.11,Withdrawal
TRANS001146,ACC00325,301,-4996.27,Deposit
TRANS001147,ACC00414,1092,7279.59,Transfer
TRANS001148,ACC00376,1031,7328.56,Withdrawal
TRANS001149,ACC00344,817,4148.86,Deposit
TRANS001150,ACC00443,1161,2938.96,Deposit
TRANS001151,ACC00067,1188,4107.66,Payment
TRANS001152,ACC00075,83,3299.21,Transfer
TRANS001153,ACC00045,1674,9609.85,Deposit
TRANS001154,ACC00260,1444,-2292.89,Withdrawal
TRANS001155,ACC00154,1097,-1047.22,Deposit
TRANS001156,ACC00155,1261,-1389.64,Deposit
TRANS001157,ACC00430,46,249.41,Payment
TRANS001158,ACC00363,618,5505.17,Payment
TRANS001159,ACC00448,928,-2775.83,Withdrawal
TRANS001160,ACC00475,1824,12363.39,Payment
TRANS001161,ACC00234,262,947.23,Deposit
TRANS001162,ACC00051,176,-1749.24,Deposit
TRANS001163,ACC00306,1190,8512.43,Payment
TRANS001164,ACC00262,657,-4238.27,Deposit
TRANS001165,ACC00315,842,7399.37,Deposit
TRANS001166,ACC00125,370,8963.97,Withdrawal
TRANS001167,ACC00399,1819,-701.67,Payment
TRANS001168,ACC00245,54,-4160.72,Deposit
TRANS001169,ACC00030,690,2272.91,Payment
TRANS001170,ACC00426,1443,-3028.12,Withdrawal
TRANS001171,ACC00485,1780,-2670.44,Payment
TRANS001172,ACC00122,1531,85.22,Deposit
TRANS001173,ACC00125,1365,909.36,Payment
TRANS001174,ACC00037,1151,5599.41,Deposit
TRANS001175,ACC00170,1433,8567.84,Deposit
TRANS001176,ACC00124,367,6855.42,Deposit
TRANS001177,ACC00357,1295,-2032.79,Withdrawal
TRANS001178,ACC00035,644,-1558.28,Payment
TRANS001179,ACC00087,1629,12575.38,Withdrawal
TRANS001180,ACC00134,379,6167.05,Payment
TRANS001181,ACC00196,73,12398.76,Withdrawal
TRANS001182,ACC00274,915,2430.93,Transfer
TRANS001183,ACC00201,1272,7288.0,Deposit
TRANS001184,ACC00369,860,5473.27,Deposit
TRANS001185,ACC00285,1809,1382.47,Withdrawal
TRANS001186,ACC00077,43,4398.31,Transfer
TRANS001187,ACC00059,377,5049.82,Deposit
TRANS001188,ACC00431,1065,-984.58,Payment
TRANS001189,ACC00126,170,1300.21,Withdrawal
TRANS001190,ACC00500,212,10828.2,Deposit
TRANS001191,ACC00401,1517,13315.76,Deposit
TRANS001192,ACC00109,1704,2195.88,Withdrawal
TRANS001193,ACC00224,39,1139.45,Withdrawal
TRANS001194,ACC00496,369,-1096.06,Payment
TRANS001195,ACC00278,757,8569.82,Payment
TRANS001196,ACC00068,151,1461.99,Deposit
TRANS001197,ACC00069,1135,14754.99,Deposit
TRANS001198,ACC00165,1504,1513.7,Withdrawal
TRANS001199,ACC00489,1460,2882.72,Deposit
TRANS001200,ACC00305,1071,7066.68,Deposit
